{"version":12,"hash":{"type":"Buffer","data":"dzLbG0xgD+YkFo3j8bGBmuFsuDHpVABIEBKFkZfr02vbmJbOrnm80/pnpZYoMB0djKb2SSyvAaRefq7U9NENadLHHHI9z3p4TWU9rX1y+dxfBIKl1M1cSvteD0Oz9KXvd5nczoP/BCbCcE/Efqq8r2cYVkE71fr6N0pW0WO3A+k="},"indexValueMap":{"E516R0W+hkzEl8j007OXeNT5TRFP2rZXNJOmTXO0o0c=":{"valueMac":{"type":"Buffer","data":"pSNfUtyuHCbcI5xB+NQh9UQYZY/mvLIPpKCQUFZQsK4="}},"ECbf+FOMJ2liDv0WQHdqORPZfvgmE/P/RBumsEZc5Vo=":{"valueMac":{"type":"Buffer","data":"3ZxNCOS+QRXZLaaoFasHil+tL4LRyO8S+0BUXhOrKnc="}},"DN48KI/+VlwfbyTvx4do+kMvzuZohnPBjToHE27MlDo=":{"valueMac":{"type":"Buffer","data":"thY8pDMXWK4YcSoIEnp/k4jOV7UOBeYGE9VdF0fRDF4="}},"RzDUxb1Bzz2S0ilj5v4i6ZfA0Eczw12QD+6p7xp5DiY=":{"valueMac":{"type":"Buffer","data":"0H3iQccudHOCg9Rup6eMEZZkNSVNHK26Gps3lIPbF6I="}},"q25M/uhjWMsO8c6igX2ytcx8nAjzeT2x8FAxqs4roA8=":{"valueMac":{"type":"Buffer","data":"uH1u77+TOJl6GeiY9IMe5AGnmfQGRMwImWRuVTRD97E="}},"GwbVGHLuGoTiOo3/CT9Y4QGUb1RZnU3lOUqc6rkyp6M=":{"valueMac":{"type":"Buffer","data":"2Qc4ljuQxGPvnoTtfvEIY7fZ5kmmtvKBILJr8oGkSdo="}},"5aRp1R6Cx2uOuJrkWEOn6eLKrcouOpsdSydSCx89M4E=":{"valueMac":{"type":"Buffer","data":"A6Vo2HCnUnW3H/ZDS8Aak4d319lTDaiHPC1vXkEIA5A="}},"BRml1Pky36RiewTf1flTlpamB2kQvtevWl7b25nUYNg=":{"valueMac":{"type":"Buffer","data":"NN6mC9V4EYWrO8DfVGdIb/Nb84KflHHupq6fe0Q9tAE="}},"twycoa896MhmeYsB/b5FYFh14Hade5VW/RYJVyhnFjY=":{"valueMac":{"type":"Buffer","data":"QcLIP/iq5+jkyVZZhcShk4l258HSe0EhPSKY33LBi6Q="}},"v2jOOSm3SXoh2gSY0mwqrLgFAv+s0EtLRAGLpZdJpi8=":{"valueMac":{"type":"Buffer","data":"m1gUdD7z1smj2w+ThjNReHcKaJJ3cZp56Mgr+iJZEwU="}},"ASlGDUmdN35v1VcpPDRu7WN8q8c9tFTR/tWXTwAzi8o=":{"valueMac":{"type":"Buffer","data":"X6CeVIDYd7mdcd73kjphOTi4Jx+ivtebLDZrhWGkM7M="}},"2fEeECZnIJnCkAfjv6lqhpKdW9e021ej+QH5eFyvPkM=":{"valueMac":{"type":"Buffer","data":"s6lpPp65MUehHYF91RuNuQq3k9BQkPG5Eeul0/vR41E="}},"kYCH3zQQC8DzMx+5fooXmm4SuAJ/2qBR1YXKI0Ox//Y=":{"valueMac":{"type":"Buffer","data":"SEfKT0yilG5SgV9MFeSRmO4xyhaeVKIDW5BBNZFG5eQ="}},"Xb2ZZYi1D0G6N7crKHs3inKmQuhy+HiSfRKnCaazCIk=":{"valueMac":{"type":"Buffer","data":"NN1bLg3i2QkLZ2d2YVRUnXMo2kgLfPoORnOlX9MUMts="}},"FYxj6yhwUiiHgXT1tynw0khB67EJgVcBxxhIJp4BVH0=":{"valueMac":{"type":"Buffer","data":"LClfWWyHtso6i9aPgm7akTpKSO8yBPfrcEfWziljOZM="}},"E8dwp1DRz7iS7UWFJ9XNaifsW0x1PqaiKEw8Vu9DRMs=":{"valueMac":{"type":"Buffer","data":"eRbClkVAJLLpvpMgKqKj38L2VYSM6KMMuI9qCYTMbhs="}}}}