{"version":16,"hash":{"type":"Buffer","data":"zaJg7kJiP7Ceag1Hic0Gj+jnn2xPCPQpntHiolQKsxfbnSyjQnSQdH10dCNQQs+yvPsAdGSNcfaXb/mBUINddZOG1J5N4ubeo+5ynqw9CIOfOKtGvwPOQF3GrjVLp3Mp+z0VzGKUTsNUEQQ/bL+vVmZbOPCsKcDit2TXnDuG50g="},"indexValueMap":{"A0gcduBCv9/6LAKQhZKGKoruCEkq/bkaCLMn51G2xmM=":{"valueMac":{"type":"Buffer","data":"rfXBLXijmcdD9rFF5pjDfNzUz9BrmBKY5nr67kCEHNU="}},"Eghnd9qdpps9NWhJGJn2r5lwZskB5InYigK8FFDmhSk=":{"valueMac":{"type":"Buffer","data":"XfpvCC2wQJvLfkVReQT6g0QHOSH8vIMP0Zk2BCvTqWM="}},"F2szr8XtoyNJKRt+yBadcTX01/68craVbRU4hsMZewM=":{"valueMac":{"type":"Buffer","data":"SloLfBbczMO4EQQPh4SdMihkS1OFV1CPX8EQi6gw40k="}},"LcFDakl58Z3m3d7b5lFCNy4VfWN4lh5b2pUOiW3zpnQ=":{"valueMac":{"type":"Buffer","data":"hLSDXHYVICqAKoC1v+lq2LX8GSRCRwO4qVaeyf5qEzo="}},"NJcXndh2S0O1Y5tF920BvofewaA7waunRvyzY8c+SBQ=":{"valueMac":{"type":"Buffer","data":"6O8gZL6Zbn8VTyVpkO3a1f9PaAEBRCvi5rMff17UHR0="}},"NiaWIqhto6NMlARWoVxSAzQqEqUhu7mJoyYznNpiGCw=":{"valueMac":{"type":"Buffer","data":"nymj5pvIbX5r5Md310y4mXr2QVdw7pP6FbQyH4mwwzM="}},"P/CA7hjUWKfXG5trF9Xv2g9tPTG/WS0qtil9HLVsrLY=":{"valueMac":{"type":"Buffer","data":"/y47I+PLP34x9hEpPYLgctSSdjflKUxa8CUW37TEwEY="}},"cBrK9L8MFhLVwp1EplMpbU/AyrwOT7ALJxhAfMqlXQM=":{"valueMac":{"type":"Buffer","data":"KlVqoN1qwMS2ODmJl0DCrtoAaiuqNW0bG5aDCujtllo="}},"nuIniy4D2QQNa8OCBiRAsS3tHCqaFHYGghges/Dvlwg=":{"valueMac":{"type":"Buffer","data":"97jWa07/V9Faf/b4q6J+yibPTgho7jvair3ljJpJ8e4="}},"0azWyMBWiIOrXSSOa1gPXMTe8W0hc35+85nsgHhdBi8=":{"valueMac":{"type":"Buffer","data":"7X9I+WMQNAzTy0wUJgKRfIOCOUfdNTpOeyx25XilON8="}},"1xcvOj+QWN5a5us0ng54fNeP4vU/v5lQU6hv8MUAQOQ=":{"valueMac":{"type":"Buffer","data":"1pCh5wiIpHa9Vpfbyi+QdPj3oE22j4YldyXl85ckhkQ="}},"+JxMERX+VIrU8GrgCDJ6KkLghvkBp1cSVNosWak6Qh4=":{"valueMac":{"type":"Buffer","data":"VQw9z/ZC/z6Shn6YhMQ7pvv2Ha11KmPt6Gk+Ej5w8eA="}},"I+YsRfvGwyeEK/1dXvUswi3TBPwnF5wt6gbdxhLKdg0=":{"valueMac":{"type":"Buffer","data":"qIRu5lThbzfmfUwCYd8cOvN6lMKLK+pAF6r7Mm7CMJA="}},"xNL95Wn/QBkC0j3bjyyLl2xmjpiUND8PpVL/eFL2JXo=":{"valueMac":{"type":"Buffer","data":"KBMpwhVET8sfFOus1rIkb25gkklXct/a43VNPUjRB+Q="}},"3BcOCvTk8aB1Xi1kacczRJqJEdqlwyGOlr5qzSFVcGk=":{"valueMac":{"type":"Buffer","data":"3RpR6W3MNhPlF7atMqOtzZTWzzU77DY1DB5qowIi0Rs="}},"K+jG51ie5I6217Bczb2VmFWQqX+f8A5bY2fmvhe31Dg=":{"valueMac":{"type":"Buffer","data":"zchhASy4lnl+12RI+9/QaGXHx9CacokU6G1dJogG2AI="}},"80r+yE5oFDrt/5kcpLpzrqfkBgf81Zn2sgE86FLIj3M=":{"valueMac":{"type":"Buffer","data":"rap1Lgeib7Qg4Uu8updnkhwPiBcyW5uqxRGv93Sn0Ss="}}}}