{"version":4,"hash":{"type":"Buffer","data":"d5mZIeym6E/cS19fNwMoKKqLjyLYDKxhpUyD1ORq8NXG79xocuamhQCokQZp38BxeBP+NWBdUXCZnko1rOOzeJBftzemwIkQLw50qAfnre/WHunevIcU9B0giPAHxt9ZbArcbkvrjxDZe7GxgN6NbbgzB3eB+c+9Ssyfiu+uZTM="},"indexValueMap":{"0MgIH5yjqaC27KGQ+GmyIgX7HUK/UhV2bb6q9CNaMZU=":{"valueMac":{"type":"Buffer","data":"nHkB81g4y24vbdLvNICvHi9ug6KhTCAD7x7uWAY4uFs="}},"4EnSJ8d2kcDyC9TUxq3fFt9BHFZnk2T7359B7BSkY/c=":{"valueMac":{"type":"Buffer","data":"3astRWR/ZCK7lalVo+c9ZwBYxNFzd61R1G0A8bjFFl0="}},"7RabSlb5A78THtec2zGdW6141wG2GYTrNRfTYqVizM0=":{"valueMac":{"type":"Buffer","data":"gN+44qHHTjnsRgKq9gCDxBu0bm8cXKKEHDyLFy2Nnpo="}},"vAAbP/MwgD92TZnJBRKVKhWClN8csLnz0Cp14K0jEuE=":{"valueMac":{"type":"Buffer","data":"H7pqrwunxMsTJ+cV6AiKPeBID36fndy0mCdgDWu+8tI="}},"+XcdtHDBCEikbjIGrcoU1N2SsaM3VgSocNQmVXyWpao=":{"valueMac":{"type":"Buffer","data":"I9TESaRKJeaqujeVX7KfpUOJaiMQOZbdVVzt0iv4MeA="}},"KF70XibVsunSs4psKrcdpuH93EkxK/iVOG9/dhU61Tc=":{"valueMac":{"type":"Buffer","data":"69Ds9yZDgugfJv7d739nXqoLNUAYOACDCKre8l9oXkU="}},"R83V0u9SG2YSl9pcPouJP93mXOxjFJQSFmtU3sXPXB4=":{"valueMac":{"type":"Buffer","data":"EBYuYAsfvpOIa63qRByesArcZAv4TC41unj6mQ5q5Yw="}},"rHUaU36Q/cAyEUPyubZJcjQf49ZkDjfDhHWtNfbdmrw=":{"valueMac":{"type":"Buffer","data":"jNYWSj9dXr2clhagR22+aFFs7yKqvdAouexV1tVjrJI="}}}}