[{"senderKeyId":378409381,"senderChainKey":{"iteration":124,"seed":"0twePL5S5WOWe5Kyqjweop+iSjUZVj2dKwbz2MS2/LU="},"senderSigningKey":{"public":"BbSv2qE3gdWudGWOx8wbzpmJi+YyAyfFtn/8AhBvY9w8"},"senderMessageKeys":[{},{},{}]},{"senderKeyId":1080958800,"senderChainKey":{"iteration":90,"seed":"nIf5HvBiyfEkk1WnwX8aNtxsE5fbUvYW8bZOhP6dXfE="},"senderSigningKey":{"public":"Bfqfv277hraqPefYgxhIBXsqkEgmL4lo3UlfX5dtIkos"},"senderMessageKeys":[{},{}]},{"senderKeyId":1080958800,"senderChainKey":{"iteration":52,"seed":"2DNaJoojIxCUzhncxc/32jRJdVsQHSkz+0J4qk9BA/I="},"senderSigningKey":{"public":"Bfqfv277hraqPefYgxhIBXsqkEgmL4lo3UlfX5dtIkos"},"senderMessageKeys":[]},{"senderKeyId":1080958800,"senderChainKey":{"iteration":71,"seed":"m3p8geAXWSt5oRlwKw39PML/mbEhnLss7OU5zWhljmA="},"senderSigningKey":{"public":"Bfqfv277hraqPefYgxhIBXsqkEgmL4lo3UlfX5dtIkos"},"senderMessageKeys":[]},{"senderKeyId":1080958800,"senderChainKey":{"iteration":82,"seed":"SStKXegSV2Gujb06t0qMVs+CqaE0cPdOMS0TTuc9Ac0="},"senderSigningKey":{"public":"Bfqfv277hraqPefYgxhIBXsqkEgmL4lo3UlfX5dtIkos"},"senderMessageKeys":[]}]