[{"senderKeyId":275422904,"senderChainKey":{"iteration":27,"seed":"M4kiSW8DULP5AeGMpRRRMUcIUF2lduCePoeJusmAZLs="},"senderSigningKey":{"public":"BSjmo+ry2PcBvmnkanCIyIvATty3RGq4PrviuXjjHklr"},"senderMessageKeys":[{},{},{},{},{},{},{},{},{},{},{},{},{}]},{"senderKeyId":275422904,"senderChainKey":{"iteration":1,"seed":"nEppls77iZICQ+3u+wT7z2XGy3b+aSDKbRmvvLNMBNA="},"senderSigningKey":{"public":"BSjmo+ry2PcBvmnkanCIyIvATty3RGq4PrviuXjjHklr"},"senderMessageKeys":[]},{"senderKeyId":275422904,"senderChainKey":{"iteration":3,"seed":"IkgyFGXDyEQeOBr61xoBLBOQd5PnHOVrZlFO2d7Z7is="},"senderSigningKey":{"public":"BSjmo+ry2PcBvmnkanCIyIvATty3RGq4PrviuXjjHklr"},"senderMessageKeys":[]},{"senderKeyId":275422904,"senderChainKey":{"iteration":25,"seed":"0tAT5O+9hWg9axKAw3DnJWfDVZ84jqSI3W1xucSf62o="},"senderSigningKey":{"public":"BSjmo+ry2PcBvmnkanCIyIvATty3RGq4PrviuXjjHklr"},"senderMessageKeys":[]}]