[{"senderKeyId":964968756,"senderChainKey":{"iteration":21,"seed":"ir/mgNlRmpeZ6kNe5JPL62qKzNeF1+Ow1ZYCrImX75o="},"senderSigningKey":{"public":"BdyHW7Uu4OzIGhG0xjjyVHSWblr+753034dHR2grhl0A"},"senderMessageKeys":[]},{"senderKeyId":1266516124,"senderChainKey":{"iteration":40,"seed":"ii7k637/B8f9EbEHizme2dmdccKPE3FrKqZrQ9bEork="},"senderSigningKey":{"public":"BcM8BVinl0gE1TuNlyp4X5FTKjMTOn7wmQ/Sxohagy8X"},"senderMessageKeys":[]},{"senderKeyId":654074090,"senderChainKey":{"iteration":34,"seed":"JbspzFcIWEMasLPKhm8ouQD2LzipunwvjH/a6xz2G7o="},"senderSigningKey":{"public":"BXifiX7LTMCGfgMD139Pj8E5HpZH4sOOTTCg3iDSIz4P"},"senderMessageKeys":[]},{"senderKeyId":706831275,"senderChainKey":{"iteration":13,"seed":"/tcPsQ43b1N/JpoiWHUI2SCuV+vG7L0eTQ3zGi5gJkI="},"senderSigningKey":{"public":"BYiDumMQDLSWrhSmKS3Ej2cWIUI+kT6C/qPjdWeT0xJw"},"senderMessageKeys":[]},{"senderKeyId":1126500608,"senderChainKey":{"iteration":13,"seed":"BfFg6w3GHpD3faULCiJjooVbaQt4y/9aqy/klobpT70="},"senderSigningKey":{"public":"BXB1nVZLK/hvO/UrCFARZM9vZ+lYiCgk/1ICbd/0gZ4j"},"senderMessageKeys":[]}]