[{"senderKeyId":1512588441,"senderChainKey":{"iteration":13,"seed":"kD/2k4oieLrYaaiPn2excgTwAsq4ZYdO59wuIbr0TYQ="},"senderSigningKey":{"public":"BetgveEt9v+TB4wtb88wZsNKprMtbDflfa2/YpSxZ2N/"},"senderMessageKeys":[]},{"senderKeyId":1164185764,"senderChainKey":{"iteration":18,"seed":"xYVfMiKRzqE1mpqp+elH5V7VUKyADjo0sebCNmlg6wE="},"senderSigningKey":{"public":"BXbAmcE/6jXivpjj2gmGAUDQRzPfKKojek4zrS7OsAQk"},"senderMessageKeys":[]},{"senderKeyId":1164185764,"senderChainKey":{"iteration":0,"seed":"mSMv6CTYv3bTdCo8nzWW2fHQptAt73mmHvhdz9nbEWs="},"senderSigningKey":{"public":"BXbAmcE/6jXivpjj2gmGAUDQRzPfKKojek4zrS7OsAQk"},"senderMessageKeys":[]},{"senderKeyId":1164185764,"senderChainKey":{"iteration":13,"seed":"DToNH46Mzv3KnhSDr3A+EEXDBXjseukUcEx2aPtjn8c="},"senderSigningKey":{"public":"BXbAmcE/6jXivpjj2gmGAUDQRzPfKKojek4zrS7OsAQk"},"senderMessageKeys":[]},{"senderKeyId":1164185764,"senderChainKey":{"iteration":14,"seed":"k670+0YbUD7syhIj1FjmcOqowZhcARvW/FUSQROSJZw="},"senderSigningKey":{"public":"BXbAmcE/6jXivpjj2gmGAUDQRzPfKKojek4zrS7OsAQk"},"senderMessageKeys":[]}]