[{"senderKeyId":1753689797,"senderChainKey":{"iteration":29,"seed":"6CRINnEsBCgKMAue5Se2esexpJ4HuhNDiMcukhcdzmI="},"senderSigningKey":{"public":"BeBa5uL3C/aPGjAo3RZcT+HtG+OZRMcKSLbw92N6TnRH"},"senderMessageKeys":[]},{"senderKeyId":1753689797,"senderChainKey":{"iteration":28,"seed":"lTCBOKezF3KkgJ4yWCZ0WqvRX5TDtBLrPLMf3fFE2Y8="},"senderSigningKey":{"public":"BeBa5uL3C/aPGjAo3RZcT+HtG+OZRMcKSLbw92N6TnRH"},"senderMessageKeys":[]},{"senderKeyId":1382958565,"senderChainKey":{"iteration":12,"seed":"W34nL6XH48KHes6auBC82yfE0g90Bu9EhtgBXVZH/4k="},"senderSigningKey":{"public":"BZaKD08Dt0d2A7JEFxnS3lJUDryK4Lmp0OlULaY7GXQp"},"senderMessageKeys":[]},{"senderKeyId":1452604538,"senderChainKey":{"iteration":1,"seed":"9IcMbCELkdRwBhm2+ZVaw65kNKtEJF0lNqV+NvjYmJ0="},"senderSigningKey":{"public":"BcMK0G5gc0f9pJCxpRXUtiHXZ8mdZYd1KoUzol1ObecQ"},"senderMessageKeys":[]}]