[{"senderKeyId":555341526,"senderChainKey":{"iteration":8,"seed":"z7aC/nCUMqZwrcHRJhIWBKslA0KqKxZyW7FXQGcjEEo="},"senderSigningKey":{"public":"BcRNmNk9G+Q/9SO7oUy5SHs2mTHdgBIOx0ACCd4QMD9t"},"senderMessageKeys":[]},{"senderKeyId":1895847627,"senderChainKey":{"iteration":1,"seed":"T7bhhicfTN6VHy0WAfZg7hNFbBycJWUSpyQIX+M7tSY="},"senderSigningKey":{"public":"Bdy9ArzqaRrxh3TMWLefzCVpin5uGcFhScZfdV+9RC5L"},"senderMessageKeys":[]},{"senderKeyId":824765937,"senderChainKey":{"iteration":2,"seed":"ppeqrIpHOWwzuO86YCj0Av08CNxjOyENgdfd7XrsJuo="},"senderSigningKey":{"public":"BXFktX15+VQa12gFhTkLztRY3oG66cMWEX+tfuI14CBO"},"senderMessageKeys":[]},{"senderKeyId":2000664943,"senderChainKey":{"iteration":65,"seed":"CmHTLFzhXFufEfGVLIUWLWdDVSQ5EswXeeyrIemNDMM="},"senderSigningKey":{"public":"BbR3vmTXg6xMyke74VF1M5Ds2zig3T3myVmV44sCsEFD"},"senderMessageKeys":[]},{"senderKeyId":1262094296,"senderChainKey":{"iteration":1,"seed":"nx+HfTtPs/6APwdc8lK6S9GaM5yeTHcjYC64oONw4d0="},"senderSigningKey":{"public":"BW41NV+81PwivXHicOFoZ45hxOs8J9cDMqiv/ZfYePxZ"}}]