[{"senderKeyId":363068397,"senderChainKey":{"iteration":10,"seed":"dqMQNKxE1/pLpinIeEASn3BhmMX8AXEkn2CJ+aPQYqM="},"senderSigningKey":{"public":"BTDYpbdbx73J/3UnuWBOWjOGkjM6jIBGsDNHdE8y8TsT"},"senderMessageKeys":[{},{},{}]},{"senderKeyId":363068397,"senderChainKey":{"iteration":2,"seed":"gjdU5eqG8N03jj5g800mlTRdvCzYL4Ii4nx6Soak3jU="},"senderSigningKey":{"public":"BTDYpbdbx73J/3UnuWBOWjOGkjM6jIBGsDNHdE8y8TsT"},"senderMessageKeys":[]},{"senderKeyId":363068397,"senderChainKey":{"iteration":5,"seed":"o+VD+o5foo+oc5r+9qEYwAVnkEVc5zTj1WYGWHLJhtE="},"senderSigningKey":{"public":"BTDYpbdbx73J/3UnuWBOWjOGkjM6jIBGsDNHdE8y8TsT"},"senderMessageKeys":[]},{"senderKeyId":703330350,"senderChainKey":{"iteration":1,"seed":"ve3qLMZTJuyoVnMiRaC7OzdBeZyjW66vETzXoEkyRMo="},"senderSigningKey":{"public":"BaF+XItuq6QtTY9Z9FVhdiCK955renPfu/dfx6JKD4EU"},"senderMessageKeys":[]}]