[{"senderKeyId":49942806,"senderChainKey":{"iteration":10,"seed":"G/DsPWrLXyZqZzUAug0MoYgRvfqe2Y+FFLe1vWBLoSM="},"senderSigningKey":{"public":"BWoKTk3IcfKJstiHuUnyQz/79IAfnXgcYaPkOhe+Q3cH"},"senderMessageKeys":[]},{"senderKeyId":49942806,"senderChainKey":{"iteration":1,"seed":"1PyDrbIlIDuWt/ZCHHNEQ9ASUluN1n/nCPNayCl3cOI="},"senderSigningKey":{"public":"BWoKTk3IcfKJstiHuUnyQz/79IAfnXgcYaPkOhe+Q3cH"},"senderMessageKeys":[]},{"senderKeyId":49942806,"senderChainKey":{"iteration":2,"seed":"HR7k5QtUyfxa4RpAFK3bKbmCDQw/9rEKyQ/Z/QRO74w="},"senderSigningKey":{"public":"BWoKTk3IcfKJstiHuUnyQz/79IAfnXgcYaPkOhe+Q3cH"},"senderMessageKeys":[]},{"senderKeyId":1933547422,"senderChainKey":{"iteration":20,"seed":"UZZSmjLvd5lkD1AuXiLALUtVPeYyGbYzpNxBSQIr9xk="},"senderSigningKey":{"public":"Bdh6lr5lokmlHGdoGvetcdocITFOLlqPgWa2Q6EnFytR"},"senderMessageKeys":[]}]