[{"senderKeyId":791021770,"senderChainKey":{"iteration":34,"seed":"zKV2gsTFMqD1pr1XuHozCmcg/r2TgMumiy+PepI4MGk="},"senderSigningKey":{"public":"BZdUgBLwtzFhFMiEKVL1N33yNsizFRw09UT1YS1GFqZG"},"senderMessageKeys":[]},{"senderKeyId":791021770,"senderChainKey":{"iteration":3,"seed":"3KUcKxPdbljywIDDkbBKfH/cDDpXcwIGMJI2emPlJgk="},"senderSigningKey":{"public":"BZdUgBLwtzFhFMiEKVL1N33yNsizFRw09UT1YS1GFqZG"},"senderMessageKeys":[]},{"senderKeyId":1319969627,"senderChainKey":{"iteration":12,"seed":"V1TXuqfhVGQIZ4741GMEX4CrWKBTguWtIaZlUxM3NE0="},"senderSigningKey":{"public":"BQy5ibIEFZZq05/NARKGo8LcgZ41fjW926a0iTex5RMe"},"senderMessageKeys":[]}]