[{"senderKeyId":725942267,"senderChainKey":{"iteration":3,"seed":"PKW0qVzO56pIWvHk1X5KZjDYHUzmnF7VCgFoW48gyWM="},"senderSigningKey":{"public":"BZSGl6jk8ElWhNXUQmhvWSVXIbyB2kegIiGgUssZI61X"},"senderMessageKeys":[]},{"senderKeyId":1506898457,"senderChainKey":{"iteration":1,"seed":"zNDG4FQHVw4YouSorVOZdm1os4qzE0EDOYWeR80XC2c="},"senderSigningKey":{"public":"BR6MOmVoV9aRID6mg6PBanmjfJDBbDOCd4kAooSbcJ4s"},"senderMessageKeys":[]},{"senderKeyId":1487210251,"senderChainKey":{"iteration":1,"seed":"EMJMQUoql01KrHWkHElCSQAeQiFozxWJfmOTl/xMMLI="},"senderSigningKey":{"public":"BTeonzHcL/0Ju38f4+aXtfGR/BpYgognGMInxcgJwoIO"},"senderMessageKeys":[]},{"senderKeyId":457181862,"senderChainKey":{"iteration":8,"seed":"lTP1oqJNIIY1+ia61g3aHYm0DmU17hCmF2ZcUQkccEQ="},"senderSigningKey":{"public":"BaWUkcFQe5CgoSg+tzrPO/53w6I7W42xap9PEsi4kjVs"},"senderMessageKeys":[]},{"senderKeyId":843652320,"senderChainKey":{"iteration":16,"seed":"yGNQN5e7oOWqtXBh66OgW+Vo5p6q4cPQY/S8ezrDGHw="},"senderSigningKey":{"public":"BUEDawE4WXF4MdjgBDH3JLFuj7uDJKATx/xpIFWI1f0/"},"senderMessageKeys":[]}]