[{"senderKeyId":770920272,"senderChainKey":{"iteration":36,"seed":"T2zy69pS57aRxM4XsNZAMY9+yv1MZpIhYvx1wsdrWa4="},"senderSigningKey":{"public":"BRjyiiG/LwZndrmec4/oz19R8tib4cHP69g/smeEGv4O"},"senderMessageKeys":[]},{"senderKeyId":883364499,"senderChainKey":{"iteration":4,"seed":"aru2U6fzVscWiVPyl6VhQKEsZz2lumzREGdg57pqVcg="},"senderSigningKey":{"public":"BahNwHbbRP6kWiR8lMm/X4vfXwQAHLFJMUQ5D1K/IjUl"},"senderMessageKeys":[]},{"senderKeyId":883364499,"senderChainKey":{"iteration":2,"seed":"dpqvjXBucjw5cqxG5eN4dO3mVBa5N0Npr0AFfs54PyM="},"senderSigningKey":{"public":"BahNwHbbRP6kWiR8lMm/X4vfXwQAHLFJMUQ5D1K/IjUl"},"senderMessageKeys":[]}]