[{"senderKeyId":2041429899,"senderChainKey":{"iteration":10,"seed":"0dVSPuZJ/QKJzVD1JWYFFgw6yLiAH+T7yUpMmJwEEkM="},"senderSigningKey":{"public":"BWGZQS5zPMN+ZEXAmQTlxSAIXFOVNGmkOC6P385JqUpw"},"senderMessageKeys":[]},{"senderKeyId":1441263288,"senderChainKey":{"iteration":1,"seed":"4sqe2WmakST2MaXuCT1vxoUXhLCp3cwriMl+OFMZBZs="},"senderSigningKey":{"public":"BTQQ4e4YbiKUS54QrCC+geQ4Vr023eBxYcXEG3WMnFIt"},"senderMessageKeys":[]},{"senderKeyId":923086242,"senderChainKey":{"iteration":3,"seed":"tKmm7EVSmgZdUGZwci19+Km+z1qLXxbl01F71rOF4q8="},"senderSigningKey":{"public":"BVaxz0wAh5gvYtzA8pqZFxlpnS12cz5OpbE2C5HNEVpF"},"senderMessageKeys":[]},{"senderKeyId":1109093038,"senderChainKey":{"iteration":2,"seed":"QyO/rEf15o21skKcPPX2sz8DuChimTQa9j1BL0OaYII="},"senderSigningKey":{"public":"BaWlf0/3Qpm4dmMqf8TrBQClakfiVaeGE2weXO2RPrgw"},"senderMessageKeys":[]},{"senderKeyId":2095506125,"senderChainKey":{"iteration":6,"seed":"sml8j+fFmCeJ7p0DikCGzbBYlxLOzGVgcji80OTJlyQ="},"senderSigningKey":{"public":"BdskcTNDHGUd46e1NidSk7tuM0gakAIJXmUwTXhcwMlo"},"senderMessageKeys":[]}]