[{"senderKeyId":1422837936,"senderChainKey":{"iteration":48,"seed":"imqFnP2M5ZjpL9eFZQVDZZEuSNb9fPYLGGIoBFNF1Bo="},"senderSigningKey":{"public":"BewXdH6G4d/DmY3J3pYbSCy2MEoKPVNMGj/cC5Lqgw9g"},"senderMessageKeys":[]},{"senderKeyId":1570835210,"senderChainKey":{"iteration":14,"seed":"zBrhck/4rqpU0TtPMCOlcgvWE2KnEYbYviofn4EbrWM="},"senderSigningKey":{"public":"BSHyw1vZRyVk/VkD2Xr7A60pIC7rP+o8gERzAZvRi6Vf"},"senderMessageKeys":[]},{"senderKeyId":1534760312,"senderChainKey":{"iteration":7,"seed":"buEr9CBs356ZyrL0pPSoFNEQe81oPfGS/0VK7jnTjlU="},"senderSigningKey":{"public":"BaMd3ca5cryosJ1mETKTqJLvFFraMwySPBuwh8T4t+Qm"},"senderMessageKeys":[]},{"senderKeyId":2050194559,"senderChainKey":{"iteration":2,"seed":"XdLCI6mTNtzjQp2a+Qb2IKBWqZQ+zOc5MQIejleYFZs="},"senderSigningKey":{"public":"BTGmWLPjBKw7PvgVuxoPUJjl3Y/O9d5Ic5I561rzYwoa"},"senderMessageKeys":[]},{"senderKeyId":26260379,"senderChainKey":{"iteration":1,"seed":"yjNA1R1iPs2cnUmi21AAQKl0nG8pYXtkrpitGWQmvyM="},"senderSigningKey":{"public":"BUAFd5leTJ3PNrw5H32f04ct6W60l6w/9RlrILw2CngH"},"senderMessageKeys":[]}]