[{"senderKeyId":315019341,"senderChainKey":{"iteration":6,"seed":"XmKRGW5MwYYMeJ3TVTKAt/QoPCZK1hrwv9BR8WOeN9Q="},"senderSigningKey":{"public":"BQzr6zgyzkYh5mlpZ+cpHg/QWdUwm2/ej3lX/n4CqqAl"},"senderMessageKeys":[]},{"senderKeyId":315019341,"senderChainKey":{"iteration":4,"seed":"HheIU06rEBJlGz5JM/yXWxVqi1/istNAIcu/uGPndvc="},"senderSigningKey":{"public":"BQzr6zgyzkYh5mlpZ+cpHg/QWdUwm2/ej3lX/n4CqqAl"},"senderMessageKeys":[]},{"senderKeyId":230771207,"senderChainKey":{"iteration":17,"seed":"Vh3R9tpoosd++A/ctOJm9xy8iw5BU/2ZaJsjZIfToHc="},"senderSigningKey":{"public":"BaaWqHrSMmYGB4UsZkCsgg4tdyfUtKg9mJEFKalbCMJj"},"senderMessageKeys":[]},{"senderKeyId":1738718429,"senderChainKey":{"iteration":12,"seed":"oE6HDFmJ5ytUa+7j4rpDAPcNmpF/Jo38Zid4ef01OYo="},"senderSigningKey":{"public":"BRKFKYKPeF0uDEyGo1JJTEfibsac4ZOG+epxCWbCmKYz"},"senderMessageKeys":[]},{"senderKeyId":1738718429,"senderChainKey":{"iteration":5,"seed":"v4axaOptFQGE28gpTwQzgeH62ceUe9AG0nEZ0Hk+HbQ="},"senderSigningKey":{"public":"BRKFKYKPeF0uDEyGo1JJTEfibsac4ZOG+epxCWbCmKYz"},"senderMessageKeys":[]}]