[{"senderKeyId":1344622183,"senderChainKey":{"iteration":4,"seed":"qMtj0NANJcGxf4097q5Ppx0hTF/VUxBeZKikNpQJ8zA="},"senderSigningKey":{"public":"BTGvSvwC7WvNCY4hdbJO6WSOmicWIayFbtmXstmtllEl"},"senderMessageKeys":[]},{"senderKeyId":1344622183,"senderChainKey":{"iteration":1,"seed":"XEfrKcMeNVsQ81B1hjvoLidfWR769T1tQlJzuLcUJts="},"senderSigningKey":{"public":"BTGvSvwC7WvNCY4hdbJO6WSOmicWIayFbtmXstmtllEl"},"senderMessageKeys":[]},{"senderKeyId":48412937,"senderChainKey":{"iteration":1,"seed":"RxMhtdusF10b2bNk8pn2ZiwgSDVvTopjkhev3IcNkNE="},"senderSigningKey":{"public":"BQ1ky0WfmQ+vicOXwhRjf4dzYcFfNw1/5c7SsheREfAd"},"senderMessageKeys":[]},{"senderKeyId":638419200,"senderChainKey":{"iteration":2,"seed":"l+AZnbF+JBDhuWruzLVKZIAVjQZ1llrBdypCYHAMvJ8="},"senderSigningKey":{"public":"BYAJOWyDS7PVrCnD1pa8ZlVP3lUWl0p90FSI39KPuGED"},"senderMessageKeys":[]},{"senderKeyId":686580034,"senderChainKey":{"iteration":1,"seed":"N9Q8dA+vAeCNP4W6vI9L/WzQSo9Q9leGTQQrcEPdnpc="},"senderSigningKey":{"public":"BWnHcAOWe/ZCGYDLh5GT3z6PglVLlqOlou3eWy9OI+Ju"},"senderMessageKeys":[]}]