[{"senderKeyId":538691503,"senderChainKey":{"iteration":44,"seed":"jLAM/M1HUh5Gor63hIRx9NRLVYjlEO5zzKnghBuyDRM="},"senderSigningKey":{"public":"BbggEffUsGHqdIFp+m7ycLeOMq4RclDrZ6x7ZOhD5I4G"},"senderMessageKeys":[]},{"senderKeyId":325688028,"senderChainKey":{"iteration":1,"seed":"84Yg50btvr33VDig35g72TmXOgvNoMRrt6X/qfl+JxQ="},"senderSigningKey":{"public":"BeRoGVDdakUI0WzowPrecAqrbCbD9cd/5JHiSQwEh3Ia"},"senderMessageKeys":[]},{"senderKeyId":1276700412,"senderChainKey":{"iteration":1,"seed":"k+gKmNy8iuJTsGi9q1anX4mhKuBDQtnjkvV99GllbAk="},"senderSigningKey":{"public":"BedtKhKawC35JTpWj9SX49KXg+5tGAejaXU90ovNwPsH"},"senderMessageKeys":[]},{"senderKeyId":1597337333,"senderChainKey":{"iteration":4,"seed":"i2E+zFdaIbtmHBMsIbVCjTOXp5wXINR7tp92bm+1m5g="},"senderSigningKey":{"public":"BdwbiK+OTKJlLaXbzeDIhDH32QRm83RA8hlUwqNb1+5U"},"senderMessageKeys":[]},{"senderKeyId":1597337333,"senderChainKey":{"iteration":2,"seed":"WVzNiad/VldiytqlhyCT11fjutgOTyjuYnlSO/UbM1Q="},"senderSigningKey":{"public":"BdwbiK+OTKJlLaXbzeDIhDH32QRm83RA8hlUwqNb1+5U"},"senderMessageKeys":[]}]