[{"senderKeyId":912140735,"senderChainKey":{"iteration":14,"seed":"EhAvwSkGkw8TfZYetdOfpQm+7B8FTNLnJMWYI67eYxs="},"senderSigningKey":{"public":"BUNxgNLrN4N5jaMalue8rWB/xxPuKYU8Zv1hNa74AX8z"},"senderMessageKeys":[]},{"senderKeyId":912140735,"senderChainKey":{"iteration":10,"seed":"mkC36UwwSdCUrLSvJG5tiZoATWulpiw5zJUAYzSMdBc="},"senderSigningKey":{"public":"BUNxgNLrN4N5jaMalue8rWB/xxPuKYU8Zv1hNa74AX8z"},"senderMessageKeys":[]},{"senderKeyId":912140735,"senderChainKey":{"iteration":12,"seed":"ew5Vq5ZraqS9FFLUq1P9Rr3bojNrkbZzHS6Zu7UCz10="},"senderSigningKey":{"public":"BUNxgNLrN4N5jaMalue8rWB/xxPuKYU8Zv1hNa74AX8z"},"senderMessageKeys":[]}]