[{"senderKeyId":886819689,"senderChainKey":{"iteration":1,"seed":"OJU2piKpRiqYfELpj6t10FTLvlc8go/1V8tAqtyC0qw="},"senderSigningKey":{"public":"Bah+qwcw82k/2h8H1MFzVZXupgD8IsPYYFMduTSC5SMU"},"senderMessageKeys":[]},{"senderKeyId":1146201219,"senderChainKey":{"iteration":2,"seed":"oqp5LC3yLo0oOkKeWh0CEORJGRm6uDV4Q9N+ImmwO1s="},"senderSigningKey":{"public":"BcZV+NXT2Yw+sb+LAHCuyazuaKzrrWXKLmUI3KZHxiph"},"senderMessageKeys":[]},{"senderKeyId":1720028540,"senderChainKey":{"iteration":1,"seed":"lmO72zwDUjsVGVn3Ur1eVHhFDo3QkkSk9LPjoXEH554="},"senderSigningKey":{"public":"BVJUBNGDivqu4otuSNvFcVP4mIqTlfNSUljeEBLbF/9l"},"senderMessageKeys":[]},{"senderKeyId":465700071,"senderChainKey":{"iteration":84,"seed":"efGjkkD8/Mz1xEC7JeGIW05bhyMwd3msaPKw195TG+A="},"senderSigningKey":{"public":"BXukmrCH4CU1uO4FcavOPJQK0bz13SQrlxCrBBDRrfxE"},"senderMessageKeys":[]},{"senderKeyId":465700071,"senderChainKey":{"iteration":29,"seed":"iuC2wJS3RPDHVsSlGyLstQ74N5Fc3tdc5bKR2pFGHTg="},"senderSigningKey":{"public":"BXukmrCH4CU1uO4FcavOPJQK0bz13SQrlxCrBBDRrfxE"},"senderMessageKeys":[]}]