[{"senderKeyId":610119202,"senderChainKey":{"iteration":15,"seed":"k5uImeeqAAoxXaGevHJa2sbldSIKYpGI0YVIkmfnWy0="},"senderSigningKey":{"public":"BYn57cUOV7STz6Zoa6JDIbrPVTNmnq9J6T7Im1u/f7xH"},"senderMessageKeys":[]},{"senderKeyId":980476282,"senderChainKey":{"iteration":10,"seed":"VrvC6lhyu5Xn0ok4ufdxx9QERbW0FK7Xlc7qhf0CJxU="},"senderSigningKey":{"public":"BV9MuDwvZNQQ3vqaEsnYNbL7w2O3LbZiBAidytx2n3pR"},"senderMessageKeys":[]},{"senderKeyId":1465045749,"senderChainKey":{"iteration":1,"seed":"K0WIGX3zqRzKXxx+ZQG3IPC4mMzAR6Tgy/hHC7BOPwY="},"senderSigningKey":{"public":"BcLbzmQaaDy96ELWmLWdrCOEALcq0uwC7FC0ljEc5lhj"},"senderMessageKeys":[]}]