[{"senderKeyId":1765090513,"senderChainKey":{"iteration":7,"seed":"UltUUtKbeRwLbMqoRbRW/HB0mKThvUysHSn6q2cfGfo="},"senderSigningKey":{"public":"BdGmRnOLwU0E/z/ruO4LZr6QS+In+b4i356m2odyRNgY"},"senderMessageKeys":[]},{"senderKeyId":243751974,"senderChainKey":{"iteration":13,"seed":"jL/eOU3+WrfUQRBvEClynmeSurtyTHl2gHnux8gbdsw="},"senderSigningKey":{"public":"BVsnVJjE0YSkLyKp6N4uuMtkjSD3yCHHltzXXXJZ+Y0W"},"senderMessageKeys":[]},{"senderKeyId":243751974,"senderChainKey":{"iteration":7,"seed":"7RrDzdYvh92ZjsJhbrahATlcnO2Tf20pvg/tlpae1uE="},"senderSigningKey":{"public":"BVsnVJjE0YSkLyKp6N4uuMtkjSD3yCHHltzXXXJZ+Y0W"},"senderMessageKeys":[]},{"senderKeyId":1896451894,"senderChainKey":{"iteration":4,"seed":"1m00UaSXmuiNb19Y3I3TJelu38epjtTMsZaLmnUmB70="},"senderSigningKey":{"public":"BS80zsvsDVQAYbEqA/4wTKFTTEicbhfK1XeEfPYoXq0G"},"senderMessageKeys":[]},{"senderKeyId":273545638,"senderChainKey":{"iteration":11,"seed":"j2pjNPF8WeQXSEWhPog8NgXXsmk2D+UAOXHOVHXzHcs="},"senderSigningKey":{"public":"BXugO6Haz3gPrNJdP8kBtNEPjU6tw+LKVcB4onbB4bVx"},"senderMessageKeys":[]}]