[{"senderKeyId":1800677297,"senderChainKey":{"iteration":14,"seed":"yjE74H+BCwqUoXhs2ZMtO2bj96+cqQPpiKV2bIZphdY="},"senderSigningKey":{"public":"BWiPnkbkvDZ5QnKK097qLxHKxIkOE3pl5t9opAGZkW9b"},"senderMessageKeys":[]},{"senderKeyId":214272682,"senderChainKey":{"iteration":1,"seed":"KExEPTjtP0b1Btb9TNG8ujSkHLBXdnN/rEoepOeMDB0="},"senderSigningKey":{"public":"BdaNYpJDrr2zliI8PgmnssWxKj3zbLhZmYJ9mOs4m70n"},"senderMessageKeys":[]},{"senderKeyId":87627793,"senderChainKey":{"iteration":6,"seed":"hMDJjAZAYPAZg/F0Oxrxn1MBzUj7uHNWJj8ep51SSzI="},"senderSigningKey":{"public":"Bdqfp9z6mtQQijB8g81R11SBjgNyeCPCydPm35xmIKw8"},"senderMessageKeys":[]},{"senderKeyId":87627793,"senderChainKey":{"iteration":3,"seed":"6i/x0d/GPguXJ3LYY77lZyJrIQiSf5NU2CNK+sJVjcc="},"senderSigningKey":{"public":"Bdqfp9z6mtQQijB8g81R11SBjgNyeCPCydPm35xmIKw8"},"senderMessageKeys":[]},{"senderKeyId":1581378259,"senderChainKey":{"iteration":2,"seed":"/Ac/mVYCCOoto9XqiP5HVlH3Ys0c95Vfj6Yb0Fp4JII="},"senderSigningKey":{"public":"BfRxUzJR7IfTdQy+L9eko4W1BbH/dJ9jmcSHfPwcg4AK"},"senderMessageKeys":[]}]