[{"senderKeyId":1593154186,"senderChainKey":{"iteration":2,"seed":"0mLKpu5DJEb+uUKbYpviKr4V2RxifXIOT7fhjUvNJH0="},"senderSigningKey":{"public":"BWqF97pO4833FwYztT+9FwM9CiseqXHChuX9AvBCsCEe"},"senderMessageKeys":[]},{"senderKeyId":939132271,"senderChainKey":{"iteration":5,"seed":"BP0zi8SiMuoC4fMS1V9wjPRmE/qHr+J6w1JtWtbGciU="},"senderSigningKey":{"public":"BeyUJsDDY41d+Fh5jj/4zkZP3wKKfpH+IUXiSeuSPCBk"},"senderMessageKeys":[]},{"senderKeyId":1613119219,"senderChainKey":{"iteration":54,"seed":"NQlXV/HltSETY1vCofquzc0ebYPuI7pDdaUz3tmx0lM="},"senderSigningKey":{"public":"BYpiFfIDoVBILC2v6dvXWz3Rws/BX98N8p/E96XSHrci"},"senderMessageKeys":[]},{"senderKeyId":1613119219,"senderChainKey":{"iteration":4,"seed":"1IWukOLaUhv4oMixqpAeLI2fAj+8kgfaam1XDxCs/TA="},"senderSigningKey":{"public":"BYpiFfIDoVBILC2v6dvXWz3Rws/BX98N8p/E96XSHrci"},"senderMessageKeys":[]},{"senderKeyId":466087548,"senderChainKey":{"iteration":3,"seed":"Lx+Yep0VOdv4/zFsepu5HXGo5653fNzuYvUmaaicLZs="},"senderSigningKey":{"public":"BZZ8NTYzxh2dp/0uZP4Xl6MyTyYjMU9evT+Qhr7DmzUW"},"senderMessageKeys":[]}]