[{"senderKeyId":1886267328,"senderChainKey":{"iteration":3,"seed":"UCgQe8RaWSDD0evKix90gtx5ZBQtdIAhz6O81KsELuM="},"senderSigningKey":{"public":"BRVxZtf5/3Kxb3uPrc71qHkWSKx1YYxbNCy8bvj9MYw8"},"senderMessageKeys":[]},{"senderKeyId":1886267328,"senderChainKey":{"iteration":1,"seed":"nrrbOu4kBsJxoRo2NqYMJvsY1fjA/rzqeFMRhVxbsx4="},"senderSigningKey":{"public":"BRVxZtf5/3Kxb3uPrc71qHkWSKx1YYxbNCy8bvj9MYw8"},"senderMessageKeys":[]},{"senderKeyId":1886267328,"senderChainKey":{"iteration":2,"seed":"Ep5NL9li2YDDVGJss4q/wzRmUDlV6D+0nhO1FZ0xPpE="},"senderSigningKey":{"public":"BRVxZtf5/3Kxb3uPrc71qHkWSKx1YYxbNCy8bvj9MYw8"},"senderMessageKeys":[]},{"senderKeyId":1789998824,"senderChainKey":{"iteration":4,"seed":"V9naf3OxDqkKtHmxTnziE94Kvg3Ssx4kwxHOLBThWOY="},"senderSigningKey":{"public":"BdYt7gGyAvoaMMRfqbPXXkoC/Oxj97S5QcmnaEACuL4D"},"senderMessageKeys":[]}]