[{"senderKeyId":1905828627,"senderChainKey":{"iteration":21,"seed":"lH5lsfkEC47/f07OJXQ2jWXNPicbK7UA0Yj8fsHYpI4="},"senderSigningKey":{"public":"BZbWf4IR0XvSzP3arXMF4BdrSvkbJb+wsVFo6Pv5bKpO"},"senderMessageKeys":[]},{"senderKeyId":568602674,"senderChainKey":{"iteration":9,"seed":"PAqt+CMJbNEudEWe6GFZkG3WsYYG78ZXhs4Yv/+qLZk="},"senderSigningKey":{"public":"BbG6apPX23b941m9sX0JubT/FDMjavzJYIX5wEFyckI+"},"senderMessageKeys":[]},{"senderKeyId":926656703,"senderChainKey":{"iteration":20,"seed":"quGFwA/+sHJNfy0DkIkEbihQbhElapccRe+xak2PoYA="},"senderSigningKey":{"public":"BYTXfRB/cMsplcjqfwBv9horxnHCU5lAIcv3YoMZdOE2"},"senderMessageKeys":[]},{"senderKeyId":926656703,"senderChainKey":{"iteration":19,"seed":"GnTVchWEa7P+RmrqAJJs9ELeGnGhVzOKBowzCqIZ4lo="},"senderSigningKey":{"public":"BYTXfRB/cMsplcjqfwBv9horxnHCU5lAIcv3YoMZdOE2"},"senderMessageKeys":[]},{"senderKeyId":1901763524,"senderChainKey":{"iteration":10,"seed":"o794KtmVQDWBPjtibKRcaXpehBGv9FF+Bm4d/dbqNv0="},"senderSigningKey":{"public":"BcghHagC3QMxrnttjLdpIGlSBa509ZigDHS/4Y1WzFlZ"},"senderMessageKeys":[]}]