[{"senderKeyId":1111073610,"senderChainKey":{"iteration":52,"seed":"GvwtxOD+BTaNNCeGNOjmZ69mn8H/oPt+AlurKiSf/6o="},"senderSigningKey":{"public":"BVoPlXN2kAaqZvc1WR72AKxCpeLpiP6OzPl1dtfhBAwd"},"senderMessageKeys":[{}]},{"senderKeyId":1111073610,"senderChainKey":{"iteration":44,"seed":"G0aVCvY+tgyNpcD9PvmjM9HCWV0vL96ErtwHyeDOJGs="},"senderSigningKey":{"public":"BVoPlXN2kAaqZvc1WR72AKxCpeLpiP6OzPl1dtfhBAwd"},"senderMessageKeys":[]},{"senderKeyId":1493772853,"senderChainKey":{"iteration":7,"seed":"P0qfM9SvBUCaeG66ht78OnI3BS4jXDad4z+WRwG06p0="},"senderSigningKey":{"public":"BV0bGqMvH1Buzj2OeiXPLCG84LhBV9bcYnt9C+hzOZtG"},"senderMessageKeys":[]},{"senderKeyId":165355318,"senderChainKey":{"iteration":1,"seed":"3SuvURb5KT+sFd0aupeLa7KaGLXjRAGCsvhGwnz5BF8="},"senderSigningKey":{"public":"BQFgtuVO7AhLAj/8mcfLvHCIHMf9S0G4uI4WF9L1wMYC"},"senderMessageKeys":[]},{"senderKeyId":1560933968,"senderChainKey":{"iteration":2,"seed":"Zsz5eER4q3i+/Pg55Ngr38XATA/6Y64gNDDPwGdFrD8="},"senderSigningKey":{"public":"BR4AzvC8u1IGgMg5rIlNhPDxmOS4M8d3LQFNve1sS7YG"},"senderMessageKeys":[]}]