[{"senderKeyId":887213108,"senderChainKey":{"iteration":2,"seed":"1PIfW5xiqxxIFHF2fDq85k3fgXzOWzYDN0OrQK0GkW4="},"senderSigningKey":{"public":"BXkbtV5BTJvRy5CBGtVTRQPyrIxaGYnIoiu4+05N6b9P"},"senderMessageKeys":[]},{"senderKeyId":1133012422,"senderChainKey":{"iteration":67,"seed":"CfV5KymKZo63wcpPy/iqYLn3qsmICQx4kI+6Iqi8WlE="},"senderSigningKey":{"public":"BW+xgqH8Jud2zoAI7qez9n1F0dWAQV3V+M54hbmCdYJX"},"senderMessageKeys":[]},{"senderKeyId":1682205037,"senderChainKey":{"iteration":1,"seed":"3J+Q/DMpsIzHiVAAsmLVjylnzOKFhQoy0InayzvUeDk="},"senderSigningKey":{"public":"BRsGY7EqnRPlQHy8ogM4X0Rc7YdGWrUJhRberIMhspwy"},"senderMessageKeys":[]},{"senderKeyId":531178609,"senderChainKey":{"iteration":17,"seed":"aO+gITmj2D3Htq8ZU3gl+teEN2DRzYtNl/hKRFfKbck="},"senderSigningKey":{"public":"BRddvrxSQ+hS+b42F+anz0hEEiy3VgWiE62ufvBENHs6"},"senderMessageKeys":[{}]},{"senderKeyId":531178609,"senderChainKey":{"iteration":12,"seed":"bklIy6GfShWcTqJ26CH9d9wouJyhztsUZ2vhZj28uI4="},"senderSigningKey":{"public":"BRddvrxSQ+hS+b42F+anz0hEEiy3VgWiE62ufvBENHs6"},"senderMessageKeys":[]}]