[{"senderKeyId":1809846808,"senderChainKey":{"iteration":71,"seed":"cm2eWJ87jAVv7iuFTftU3DR4vtIhfO37L4u9uZt1UA4="},"senderSigningKey":{"public":"BWQTyOMqc2YTNJadVzqzo9urSmDLw4R7KI1MdjsNI9JZ"},"senderMessageKeys":[{},{},{},{},{},{},{},{},{},{},{},{},{},{},{},{},{},{},{},{},{},{},{},{},{},{},{},{},{},{},{},{},{},{},{},{},{},{},{},{},{},{},{},{},{},{},{},{},{},{},{},{},{},{},{},{},{},{},{},{},{},{},{},{},{},{}]},{"senderKeyId":1809846808,"senderChainKey":{"iteration":15,"seed":"Y1zOugPA07dJzIhxhiQjZRAgj74aLZmk9r022gJnDW4="},"senderSigningKey":{"public":"BWQTyOMqc2YTNJadVzqzo9urSmDLw4R7KI1MdjsNI9JZ"},"senderMessageKeys":[]},{"senderKeyId":1809846808,"senderChainKey":{"iteration":19,"seed":"1KlTfMC3K7tCaN8zxIkxBDD9g8ecF0oatkdDdklMTn0="},"senderSigningKey":{"public":"BWQTyOMqc2YTNJadVzqzo9urSmDLw4R7KI1MdjsNI9JZ"},"senderMessageKeys":[]},{"senderKeyId":1809846808,"senderChainKey":{"iteration":35,"seed":"ogBsbLZFsyiIBUJ12GVaM1bXHO3WijsgAAYOih2Fn4Y="},"senderSigningKey":{"public":"BWQTyOMqc2YTNJadVzqzo9urSmDLw4R7KI1MdjsNI9JZ"},"senderMessageKeys":[]},{"senderKeyId":1809846808,"senderChainKey":{"iteration":63,"seed":"LSouuSRFeHAqLIcaThV+GetD77q0sSPeTni7W9cxlRc="},"senderSigningKey":{"public":"BWQTyOMqc2YTNJadVzqzo9urSmDLw4R7KI1MdjsNI9JZ"},"senderMessageKeys":[]}]