[{"senderKeyId":532050462,"senderChainKey":{"iteration":15,"seed":"g2YZrLLCXiEdAEhRk3By+jM1IBLZYxP93zHcXzzmU40="},"senderSigningKey":{"public":"BY+p9Co3cJI3m5xb3ZuEIJG5LmQYoTm8MVNmT6iygc5e"},"senderMessageKeys":[]},{"senderKeyId":532050462,"senderChainKey":{"iteration":17,"seed":"Y6gg/WQGZKFoLbyKzJwTvMJIaVeqNEZl+VHwsjdOSao="},"senderSigningKey":{"public":"BY+p9Co3cJI3m5xb3ZuEIJG5LmQYoTm8MVNmT6iygc5e"},"senderMessageKeys":[]},{"senderKeyId":1988963266,"senderChainKey":{"iteration":64,"seed":"myfZV8u9sNzIGYJJWJ6SYf9ZkMcMOXPZUMOATGiTbRU="},"senderSigningKey":{"public":"BepkgsbzyMazk3h9E0Z3jCvXAfj6VL75kICATT5cjcdH"},"senderMessageKeys":[]},{"senderKeyId":1988963266,"senderChainKey":{"iteration":42,"seed":"+WAYU6kf3UGkP8oO21jilnb70R1Bry6AtdzlHyc3PPw="},"senderSigningKey":{"public":"BepkgsbzyMazk3h9E0Z3jCvXAfj6VL75kICATT5cjcdH"},"senderMessageKeys":[]},{"senderKeyId":1022441698,"senderChainKey":{"iteration":2,"seed":"Lfc0MoxV0/3BR7mLvSEs1/4cguYW/34ol4uyHXo8q5Q="},"senderSigningKey":{"public":"Bd4CQeBGuVFBV8+wo27kNQOuFdcyZDksDFARuf01Ijl6"},"senderMessageKeys":[]}]