[{"senderKeyId":2023968052,"senderChainKey":{"iteration":3,"seed":"IpOfQktms/WirXQlw2HWnbjKvi6rdEi13RRHzvYsBak="},"senderSigningKey":{"public":"BXLxFRkkvUp1U9qUm3NvPxa0V5f4mhkyMdOq/5GXHw8H"},"senderMessageKeys":[]},{"senderKeyId":1628513498,"senderChainKey":{"iteration":16,"seed":"e4vgGeF3D0fdDtfmXFjuiVi8akPWP40eDcsw+/kK7jQ="},"senderSigningKey":{"public":"BXh/BJyWFMTErVBPZHSfS2DTVmneRiWqrkKRdAv5GTR/"},"senderMessageKeys":[]},{"senderKeyId":1628513498,"senderChainKey":{"iteration":1,"seed":"bjysBHFcuj7vJxw6pcHGc0UypfRUFIr3wMLv98AoaWs="},"senderSigningKey":{"public":"BXh/BJyWFMTErVBPZHSfS2DTVmneRiWqrkKRdAv5GTR/"},"senderMessageKeys":[]},{"senderKeyId":347263012,"senderChainKey":{"iteration":4,"seed":"UGNYd+PL3nD692OQi1Gu+eIgpW4l+MG7EzxPQSfOE5s="},"senderSigningKey":{"public":"BXFUrh15zB0RIwniGrRt8oUXid7j+57AR0oZ6ic7AWh6"},"senderMessageKeys":[]},{"senderKeyId":862717471,"senderChainKey":{"iteration":22,"seed":"6a7Ca98xJImeuoloNQM9sGt1Rk51reUKw1MWwO/xz2k="},"senderSigningKey":{"public":"Ba0Cy26hszljSH9jE9MfHVsWsCC9rhb0AaIm6r4lXWp9"},"senderMessageKeys":[]}]