[{"senderKeyId":218173542,"senderChainKey":{"iteration":8,"seed":"4+SPPwMv6M8MQFTeymwVxbD47AGfjlaYR+U11BtcxQk="},"senderSigningKey":{"public":"BU0WMHgVoKDV70AahCsraH7H82mOocoh3cUGWDPCXuM8"},"senderMessageKeys":[]},{"senderKeyId":218173542,"senderChainKey":{"iteration":1,"seed":"9zVNO7GLZBDfTMPpn4Z92Ei7oJwze+RkjeD2bHj4L+4="},"senderSigningKey":{"public":"BU0WMHgVoKDV70AahCsraH7H82mOocoh3cUGWDPCXuM8"},"senderMessageKeys":[]},{"senderKeyId":644151422,"senderChainKey":{"iteration":24,"seed":"SbGwLVeunLpadL7DPRde1SrGCLCSi22gsgGRAx4bMD8="},"senderSigningKey":{"public":"BcxQcmeO6USQN6Q0mZDhIHVWQdGkZot4530A5yEtoo8u"},"senderMessageKeys":[]},{"senderKeyId":644151422,"senderChainKey":{"iteration":8,"seed":"cFsuqk/j4bRsXbmdfR1zR7DC4VDyGjv0x1/FU27uOLU="},"senderSigningKey":{"public":"BcxQcmeO6USQN6Q0mZDhIHVWQdGkZot4530A5yEtoo8u"},"senderMessageKeys":[]},{"senderKeyId":644151422,"senderChainKey":{"iteration":22,"seed":"/WwTdY1dIwrUopv0e/QDLnMi82R+IryzTSArZ/S1whA="},"senderSigningKey":{"public":"BcxQcmeO6USQN6Q0mZDhIHVWQdGkZot4530A5yEtoo8u"},"senderMessageKeys":[]}]