[{"senderKeyId":1542935582,"senderChainKey":{"iteration":32,"seed":"fiAG9YPl/LCiWgMnKV4/Y91eL5ezrava3RMCWx67c4U="},"senderSigningKey":{"public":"BQwTjNDLGYAYyw8S+kASLYOQiwfO6EK7ZinS1ALIolFG"},"senderMessageKeys":[]},{"senderKeyId":457600245,"senderChainKey":{"iteration":11,"seed":"+BH8MXQBMJwn+o62bLZaRLHEGvIK2sYFdS6llWgGWKs="},"senderSigningKey":{"public":"BX4zJCFgRfV15Ny/ONwEEzZDX35wzHG9cTOiSvPhyjMv"},"senderMessageKeys":[]},{"senderKeyId":2017850611,"senderChainKey":{"iteration":12,"seed":"bnD5zzMkv2bhz6ixXRK8Wx440rcmtmeHmSdwwFmK9j0="},"senderSigningKey":{"public":"BfNDKG8uW+0enk3w8VKaqGmAY5UZlrugseuP0L9/zOss"},"senderMessageKeys":[]},{"senderKeyId":767923962,"senderChainKey":{"iteration":2,"seed":"Cpyv0FvKQ6LO3emFEejhwDjX8LSeZaqZscS9owlxzug="},"senderSigningKey":{"public":"BZRv1bSv2xlOUTE4jBX95DZ/WxuDMfMit+EMC2UM2DVm"},"senderMessageKeys":[]},{"senderKeyId":1541812351,"senderChainKey":{"iteration":49,"seed":"7Wj4ttQ4T+YpvikVYjo623yGAwLFRoQL7oGtNvp/6MI="},"senderSigningKey":{"public":"BWHvk7yPQ4Ty2OVLCA5iHkMGLlTmFZT9r9Ne7OqelTVs"},"senderMessageKeys":[]}]