[{"senderKeyId":335163988,"senderChainKey":{"iteration":2,"seed":"icBva6QCAs+i4gwFUGOcu358ts9TgRzRky2L8czWHBk="},"senderSigningKey":{"public":"BRzm24aTXMHmY1TCxtWwV6XpHFJHkm2IleXhnmbjT4pU"},"senderMessageKeys":[]},{"senderKeyId":247808263,"senderChainKey":{"iteration":18,"seed":"+oi3QX18zshnOnQGtCf18lAhQeOOgb2HvruVCE/KrS4="},"senderSigningKey":{"public":"BZltaborQ1Inz4IGvRateCqxG0HQsPNKF4U7e1v618cv"},"senderMessageKeys":[]},{"senderKeyId":517025110,"senderChainKey":{"iteration":3,"seed":"JWI8YB0nfMaWCkU1ZVEtxlPlJyGSy3dTn7dacqm2py4="},"senderSigningKey":{"public":"BeywRHVA8EG0aNJcWy/7ujCQfgUVIHOJC+PZCf1aRZps"},"senderMessageKeys":[]}]