[{"senderKeyId":1999189004,"senderChainKey":{"iteration":10,"seed":"2z6/Ssq/aoFVG4HiaW33yaCLD17Z6iK+ET/cOI2cMIU="},"senderSigningKey":{"public":"BdsZraRTnjnvOSANuWaZy3eavp24MTueSC8TPNLNz7kc"},"senderMessageKeys":[]},{"senderKeyId":1999189004,"senderChainKey":{"iteration":26,"seed":"MApDztPaVrT9124qefZrHgqlBeC8R/QIrCjYcraFgCA="},"senderSigningKey":{"public":"BdsZraRTnjnvOSANuWaZy3eavp24MTueSC8TPNLNz7kc"},"senderMessageKeys":[]},{"senderKeyId":1999189004,"senderChainKey":{"iteration":60,"seed":"8+VW2hD+kAdjSo6B3OfrBSfeQP52zuUGye6EIGvd51s="},"senderSigningKey":{"public":"BdsZraRTnjnvOSANuWaZy3eavp24MTueSC8TPNLNz7kc"},"senderMessageKeys":[]},{"senderKeyId":346412023,"senderChainKey":{"iteration":1,"seed":"cvN8ThltSEXKKqyv8FsZwnOIRkwdDrhUWwdelj/SDM4="},"senderSigningKey":{"public":"BcqRPjYPmD5D03S8Mlgrh7D3qy6wjnqBVlLOORBKHPMh"},"senderMessageKeys":[]},{"senderKeyId":1412283226,"senderChainKey":{"iteration":8,"seed":"t7/qegOA3BHg/5qeX2ckg0+ZtKEBzhV807d+UPRlQYI="},"senderSigningKey":{"public":"BdKOKoGtyDw/yetEczzI/uGA0Dx8jKs4mBIbY+ijjMlE"},"senderMessageKeys":[]}]