[{"senderKeyId":917909506,"senderChainKey":{"iteration":9,"seed":"30G0pWgoZH7SneK7qvzvGENPl3SDKwFIaKgp64aF9nU="},"senderSigningKey":{"public":"BeSxaYWp9z/1DDzFloWe8lQlksYN8Vhjjhfr+eu3FlNn"},"senderMessageKeys":[]},{"senderKeyId":1153015649,"senderChainKey":{"iteration":12,"seed":"DNjWqe1L+ezh3tU/1Y5JBMCmcN6OJhJHSvH32VG+Jp4="},"senderSigningKey":{"public":"BXxQGI9XNy/HgXwf9KnQdl/xijgPlXWqNNNfkRaOTLls"},"senderMessageKeys":[]},{"senderKeyId":569669073,"senderChainKey":{"iteration":26,"seed":"rq9IS7KsoK5DKt05VwDIsPf34i6auuz8Tc/8yFTXM4U="},"senderSigningKey":{"public":"BbXhT3vw6LEX9bfUp/V9BkQ3XN0in+CKpM5P5soGC+to"},"senderMessageKeys":[]},{"senderKeyId":1968052561,"senderChainKey":{"iteration":33,"seed":"bSHC9sN3MlxbJcoKWOUPe+NwGgxRWaSZwf7sQJKJue0="},"senderSigningKey":{"public":"Bf/o8/Y2tCjc2hXqeEgpgheLPZy3iRDpp13n2DfAk5Fq"},"senderMessageKeys":[]},{"senderKeyId":1925708460,"senderChainKey":{"iteration":14,"seed":"/t6xvAhFbgJMj/RvASMSY/I4GV92Flo4xyCz1rBHQhw="},"senderSigningKey":{"public":"BY9ixrnZ/qtyk80T55v7sEWVb8wigN3ZLG+5uMH/X7ZR"},"senderMessageKeys":[]}]