[{"senderKeyId":1740506821,"senderChainKey":{"iteration":74,"seed":"AedfsWkib8a6vnwzd+9Kgb48L0mhUknVthqGZVR9Ki8="},"senderSigningKey":{"public":"BTsEXpMLDkhWapD6U4oW50uSziQki/grPKgmQDSPI8RF"},"senderMessageKeys":[]},{"senderKeyId":1740506821,"senderChainKey":{"iteration":64,"seed":"qUPvh+gqy5J0LHI5Bwx52MQfDCTO+1379Iy+8l4pwVs="},"senderSigningKey":{"public":"BTsEXpMLDkhWapD6U4oW50uSziQki/grPKgmQDSPI8RF"},"senderMessageKeys":[]},{"senderKeyId":1740506821,"senderChainKey":{"iteration":70,"seed":"ZQQ1sh4vk0zsMU2xpRiDf0fBoawM3NAl4TO6bQb1mQE="},"senderSigningKey":{"public":"BTsEXpMLDkhWapD6U4oW50uSziQki/grPKgmQDSPI8RF"},"senderMessageKeys":[]},{"senderKeyId":56056263,"senderChainKey":{"iteration":21,"seed":"caCZ+yV0kTGP1W6eyNlQ1LIroeKTL8GJVAfDf86ULVw="},"senderSigningKey":{"public":"BQuNw4m1T0xP7SXXn5E7Rl0/iax5frJuVO3b/evoJhsN"},"senderMessageKeys":[]},{"senderKeyId":56056263,"senderChainKey":{"iteration":7,"seed":"AZxyokAa7NvNH+9Qs2pLXBYMiv6Fw7gj2BkvNxhHWJU="},"senderSigningKey":{"public":"BQuNw4m1T0xP7SXXn5E7Rl0/iax5frJuVO3b/evoJhsN"},"senderMessageKeys":[]}]