[{"senderKeyId":1300269384,"senderChainKey":{"iteration":73,"seed":"L9DPSym0PmLDg1qQbOj1HA8mdqEBX28WiKIJ/lqbyEw="},"senderSigningKey":{"public":"BawuOfPgTd51OY2HRyFaxvNBIcYbmuWsR9AOnfQtfRdR","private":"UPLn4hXOjFjdsM9mnH0Oj1nAH5jebQaf2wXceEZZJVU="},"senderMessageKeys":[{"iteration":1,"seed":"Ug/CotCSY1yyLtjkS0kLCmmbn/gi0VK9V7u5zEuwsyo="},{"iteration":3,"seed":"iqXzKtJrrPAwTWmxX71tUQByutwXs2SjlA2+wha87QE="},{},{},{},{},{},{},{},{},{},{},{},{},{},{},{},{},{},{},{},{},{},{},{},{},{},{},{},{},{},{},{},{},{},{}]}]