[{"senderKeyId":1081186390,"senderChainKey":{"iteration":8,"seed":"7u8AEPIkMA+zx5o/kkdbDKIkWmuc9oD8pKAJ0dLnuBY="},"senderSigningKey":{"public":"BdTp74fbwi/oZXEMe7De135cqIlDQg3RXhfbb1095O4s"},"senderMessageKeys":[]},{"senderKeyId":1081186390,"senderChainKey":{"iteration":3,"seed":"NZdzr7Ae3UeyERbbzq0UOtnWlhavAKWOVawPWs4YDn8="},"senderSigningKey":{"public":"BdTp74fbwi/oZXEMe7De135cqIlDQg3RXhfbb1095O4s"},"senderMessageKeys":[]},{"senderKeyId":1597773636,"senderChainKey":{"iteration":8,"seed":"PxOZSUPfC+MblFMqJfDEkOiih887zGDe5ttmee19koo="},"senderSigningKey":{"public":"BUY+J9mtFbIicVGX9gSZZQ9vuh+1Sx66FAUBHJYF9Uxi"},"senderMessageKeys":[]},{"senderKeyId":2123935381,"senderChainKey":{"iteration":3,"seed":"VEpJNit/qzCJbt7/RdxG+b5cAC/RVUIVgnZG+G+48S8="},"senderSigningKey":{"public":"BYsH9Q192nMw3FhCWyEQn3sTNfY8Inpmo9ODBJI73mIi"},"senderMessageKeys":[]}]