[{"senderKeyId":992390743,"senderChainKey":{"iteration":17,"seed":"dP5GTSvIee4+7sdoG23C4BPwcN/29aTNTfZiD2ShhQY="},"senderSigningKey":{"public":"BbnTv8WQgFt9xhaWJ8UNxOsOP9haI9T63Q3N3yqbelFi"},"senderMessageKeys":[]},{"senderKeyId":179362264,"senderChainKey":{"iteration":7,"seed":"t/kCOak/JEwdxtewf7lF/lrvIFwo4F+tGYFyWClKWrg="},"senderSigningKey":{"public":"Bfiib4c6Dfi/7UmSMmaDmcC2U4mAPeIaBoPqcWj1q6RQ"},"senderMessageKeys":[]},{"senderKeyId":847535659,"senderChainKey":{"iteration":36,"seed":"blnGs5CBcyYD9/UAYtx5rv6ro47zCEcK00zkitXzQR8="},"senderSigningKey":{"public":"BTiLi2udkx2SG+mSjdAF1nW0oR3b1dtOdwTCI67HhV4f"},"senderMessageKeys":[]},{"senderKeyId":847535659,"senderChainKey":{"iteration":20,"seed":"Z4R0DH0j+SDi028Ls++9xSaoReY0GcElSu59BrCwL74="},"senderSigningKey":{"public":"BTiLi2udkx2SG+mSjdAF1nW0oR3b1dtOdwTCI67HhV4f"},"senderMessageKeys":[]},{"senderKeyId":1282138970,"senderChainKey":{"iteration":45,"seed":"CZZjh/1VZWklJwfl5UMHdB+O4b00ppOnlOdumHpgZYI="},"senderSigningKey":{"public":"BWw3c642JUXemD/vU0s0nTd7z0HEkfPqLPYwbOz5g28H"},"senderMessageKeys":[]}]