[{"senderKeyId":42639587,"senderChainKey":{"iteration":32,"seed":"z+AQPISz7bEjO2M8rkGyIupGLYitGENc9zFL6L5DcUk="},"senderSigningKey":{"public":"BcTtYN6nn+CJn7mcSHOD459Hch4MIhjkft3GNK+lMnwp"},"senderMessageKeys":[]},{"senderKeyId":2036427403,"senderChainKey":{"iteration":11,"seed":"utkZutRWhja/t8YyimLA72HQwWwSpWi1mtZLH2X8/Sk="},"senderSigningKey":{"public":"BaHlp0kz7sthDoDhwCTzCSW9X9k/dbmJipp+/0ecFMFf"},"senderMessageKeys":[]},{"senderKeyId":604564549,"senderChainKey":{"iteration":1,"seed":"iZhzXC1MPfhyraZZXmzDU9VegXVVG8koGzy+/hFGKPw="},"senderSigningKey":{"public":"BWrnQZhM5e9sEwcXxTd89K5sHsMyqGCjv2Zw8EUSDMBB"},"senderMessageKeys":[]},{"senderKeyId":146168744,"senderChainKey":{"iteration":27,"seed":"b5VPmDNzCf1uqmcl5AEmtg2GWk8omZNeohhDYZ3KWvE="},"senderSigningKey":{"public":"BeSfIxcudNUQUKkSet9q14Nz46y96MqMasdExqRyatwS"},"senderMessageKeys":[]},{"senderKeyId":1519067669,"senderChainKey":{"iteration":23,"seed":"q9Ygf3lfySvKeXEH+5yh1JajT0gaVsYypA2gJ3lQ6/k="},"senderSigningKey":{"public":"BZUSgj/0f/7Dg515l33Ei9VujxNS/VLHZ29dO/iv1Gld"},"senderMessageKeys":[]}]