[{"senderKeyId":301063164,"senderChainKey":{"iteration":4,"seed":"vjA1gvgx1LIf1zzh3TYVDj1mWE4r62WpczeigQh3ev4="},"senderSigningKey":{"public":"Baggf/1n9geSIZ/v0xJEMSlZ0TD7v99andeYJNRG8/tf"},"senderMessageKeys":[]},{"senderKeyId":301063164,"senderChainKey":{"iteration":3,"seed":"qxPiR48dfbsdc+iAFXIpIqlD8OIF3cAOKBm9o1/RAOU="},"senderSigningKey":{"public":"Baggf/1n9geSIZ/v0xJEMSlZ0TD7v99andeYJNRG8/tf"},"senderMessageKeys":[]},{"senderKeyId":1907698158,"senderChainKey":{"iteration":3,"seed":"ZbMyz6JPOeq6RYWQtev1ZaKnU2f8ONX3+sEfd8nzhXg="},"senderSigningKey":{"public":"BeTk97YUppLcTneq6H7w9S9+/a7k5CiMWzIG33Wxe+t5"},"senderMessageKeys":[]}]