[{"senderKeyId":1187620291,"senderChainKey":{"iteration":92,"seed":"QnZvkciHp4TXPphZKDwVJpY8BmAImUr7KsCRvNcfDAw="},"senderSigningKey":{"public":"BY6nVNvTLwU4i1NPK6nbOaWAs6pO3dloVF4gs63FyABr"},"senderMessageKeys":[]},{"senderKeyId":976040171,"senderChainKey":{"iteration":5,"seed":"J1AV8heq47A7v09M/1ZraQFUMbg0U1MIl/4a2/fMrWM="},"senderSigningKey":{"public":"BYGWn7PL1tWzi/zRCbOjExQHiBuMOZkQ/9vs2ItR+E1q"},"senderMessageKeys":[]},{"senderKeyId":7155721,"senderChainKey":{"iteration":6,"seed":"2L2o3v1p9Jy7VsKHEIWbbeiFpF5p14OpZL9dq9aE3Ks="},"senderSigningKey":{"public":"BYZv77ra3bw8/EIqb3AZB+kW7U0AJWuZMam5QkSkZAkS"},"senderMessageKeys":[]}]