[{"senderKeyId":467089532,"senderChainKey":{"iteration":85,"seed":"Oh60MhjtgpVOG1oipHQgGKyQn9+QoIIwxWHzdDUKAqc="},"senderSigningKey":{"public":"BWCJTrcrfZ/eqMTAHtBh2HrA+VR0kXXG+5AcOgHBL9l9"},"senderMessageKeys":[{},{},{},{},{},{},{},{},{},{},{},{},{},{},{},{},{},{},{},{},{},{},{},{},{},{},{},{},{},{},{},{},{},{},{},{},{},{},{},{},{},{}]},{"senderKeyId":467089532,"senderChainKey":{"iteration":1,"seed":"64pHpjeJ0DvaEK5ykDtw9vKS3p8tAMc70CQvhKQ6qiQ="},"senderSigningKey":{"public":"BWCJTrcrfZ/eqMTAHtBh2HrA+VR0kXXG+5AcOgHBL9l9"},"senderMessageKeys":[]},{"senderKeyId":467089532,"senderChainKey":{"iteration":19,"seed":"b40dMgzDpSyXrncyLKWj/w7ri40SbUSHCiqApnxPb7Q="},"senderSigningKey":{"public":"BWCJTrcrfZ/eqMTAHtBh2HrA+VR0kXXG+5AcOgHBL9l9"},"senderMessageKeys":[]},{"senderKeyId":467089532,"senderChainKey":{"iteration":21,"seed":"nxiFD3fao6m7x/ppERBjVOzJ7/1L5xY81yLDNWAIs1Q="},"senderSigningKey":{"public":"BWCJTrcrfZ/eqMTAHtBh2HrA+VR0kXXG+5AcOgHBL9l9"},"senderMessageKeys":[]},{"senderKeyId":467089532,"senderChainKey":{"iteration":75,"seed":"V8GzR7YqUGjjyHz/HDLE9RoWwLfKenNsCfPhDJryGHE="},"senderSigningKey":{"public":"BWCJTrcrfZ/eqMTAHtBh2HrA+VR0kXXG+5AcOgHBL9l9"},"senderMessageKeys":[]}]