[{"senderKeyId":361478334,"senderChainKey":{"iteration":51,"seed":"uuE0V/oWAXyzKW5NX1sxYFko5Gcuhtf7eAg926hw9Xc="},"senderSigningKey":{"public":"BUvHEXbi9A5NU09+sQu2nf1Mi9YafTqGStzL4eTal31s"},"senderMessageKeys":[{},{},{},{},{},{},{},{},{},{},{},{},{},{},{},{},{},{},{},{},{},{},{},{},{},{},{},{},{}]},{"senderKeyId":361478334,"senderChainKey":{"iteration":45,"seed":"smqmAaeMr6KRbZyQwrl+91nXW0CjL7ydPMlFOKJbkmY="},"senderSigningKey":{"public":"BUvHEXbi9A5NU09+sQu2nf1Mi9YafTqGStzL4eTal31s"},"senderMessageKeys":[]},{"senderKeyId":361478334,"senderChainKey":{"iteration":47,"seed":"LSO8LLZTt1R20AKdeeVOpln8WPXz1dKBLPZMlS5i1Bo="},"senderSigningKey":{"public":"BUvHEXbi9A5NU09+sQu2nf1Mi9YafTqGStzL4eTal31s"},"senderMessageKeys":[]},{"senderKeyId":361478334,"senderChainKey":{"iteration":49,"seed":"7Fnfe0FDg1/MaRrP9sxZkp2q7+Q6szbwWu34WJNaIsc="},"senderSigningKey":{"public":"BUvHEXbi9A5NU09+sQu2nf1Mi9YafTqGStzL4eTal31s"},"senderMessageKeys":[]}]