[{"senderKeyId":1622485431,"senderChainKey":{"iteration":2,"seed":"+vEwsJZbyPgPbfcAkkDXuPnDD/mkbJckogvVzKGJF4E="},"senderSigningKey":{"public":"BfkLk8VO6yE3OmkYhWB20D+S/JYQNCpRPZ1Kx08Zb8Vo"},"senderMessageKeys":[]},{"senderKeyId":7281967,"senderChainKey":{"iteration":98,"seed":"/S5dBALcAd5p3wjkpxsKXl8a3zBFpouufdgqEw9WyLs="},"senderSigningKey":{"public":"BTYrLviSCV8ROIdEVTT+ayBMaje04MTdSIgO3uScPaga"},"senderMessageKeys":[]},{"senderKeyId":1245241891,"senderChainKey":{"iteration":113,"seed":"GxJsXimD7suuAT0ewxGel2az7Wh5DVX86tjQYQ6X7lk="},"senderSigningKey":{"public":"BWU+ldrMFDZ3Duly7/OaOXK0wKfQWPkuvcnNx3Q1L+1H"},"senderMessageKeys":[{},{},{}]},{"senderKeyId":1245241891,"senderChainKey":{"iteration":10,"seed":"r4nKaGEUUkWaXawSr6BKVqgdLZ6Ngh+X0L1XnqCCKJk="},"senderSigningKey":{"public":"BWU+ldrMFDZ3Duly7/OaOXK0wKfQWPkuvcnNx3Q1L+1H"},"senderMessageKeys":[]},{"senderKeyId":1245241891,"senderChainKey":{"iteration":17,"seed":"zDIgWUpmiikMG/aEmlVYn/P5Y6FDNAQVYsZuLQnsNzg="},"senderSigningKey":{"public":"BWU+ldrMFDZ3Duly7/OaOXK0wKfQWPkuvcnNx3Q1L+1H"},"senderMessageKeys":[]}]