[{"senderKeyId":201504874,"senderChainKey":{"iteration":7,"seed":"OKFEaMv7u+9jTgVta8eXTzqsFZjADLLLwJ5jfLDTV4w="},"senderSigningKey":{"public":"BZF8DNWc10nHXip1Lp/owSBXXl4E0pxTRB6L2aewj+kT"},"senderMessageKeys":[]},{"senderKeyId":201504874,"senderChainKey":{"iteration":4,"seed":"0ceM1EArd3aJhau19JbXp8hCMl3DKk9wxrutDH3UKus="},"senderSigningKey":{"public":"BZF8DNWc10nHXip1Lp/owSBXXl4E0pxTRB6L2aewj+kT"},"senderMessageKeys":[]},{"senderKeyId":201504874,"senderChainKey":{"iteration":5,"seed":"Kp/614f+FGMIoiZjUe43/Boka1azW6AGtGpKZzIBRk8="},"senderSigningKey":{"public":"BZF8DNWc10nHXip1Lp/owSBXXl4E0pxTRB6L2aewj+kT"},"senderMessageKeys":[]},{"senderKeyId":2117614829,"senderChainKey":{"iteration":3,"seed":"4hw3pPYmxmrPO+uyFNmQGv45A7MgCK4AHlCBeOyIVK8="},"senderSigningKey":{"public":"BVsato+RcARsoANXf4MYN3CYoiMwHBaiKwj1o4vIs/pB"},"senderMessageKeys":[]}]