[{"senderKeyId":435572624,"senderChainKey":{"iteration":1,"seed":"AHB/QmJgGnhs4nc1/Gdak6ARuAOkLmX0SCaSI/KPwzI="},"senderSigningKey":{"public":"BbV8q1n5WQJOj4EvGCJaLkmNtbDSlVSy8aUUFML0eQt6"},"senderMessageKeys":[]},{"senderKeyId":1951411761,"senderChainKey":{"iteration":55,"seed":"FgUTX84HGmRXvFYodcVguDzfNaHsuTpZmc1FeCInLe8="},"senderSigningKey":{"public":"BbDQYx5Hi+XqiXk6wMlGSydBUNUN2eAGTcp1dnyrZxhs"},"senderMessageKeys":[]},{"senderKeyId":698308079,"senderChainKey":{"iteration":12,"seed":"ztK72eXVlUoA6oOg8atKRBhXJPlxDC8Cw2KrD2UesM4="},"senderSigningKey":{"public":"BViuR+CdqlheEacNCxdKIl9McArpJY6qlnsq4GGO7l4X"},"senderMessageKeys":[]},{"senderKeyId":698308079,"senderChainKey":{"iteration":2,"seed":"gTu+h6D3sy80p2N9whN/Cn6Di+kCDVo4nrXV4OiGkQE="},"senderSigningKey":{"public":"BViuR+CdqlheEacNCxdKIl9McArpJY6qlnsq4GGO7l4X"},"senderMessageKeys":[]}]