[{"senderKeyId":1202280037,"senderChainKey":{"iteration":85,"seed":"I12g+r2jom8Cdo+5bVqMb6tMLKsfI17vyViBV0Z7rkg="},"senderSigningKey":{"public":"BeAcl47Mq9dGeFpjxFVVKd/LSoWqrr7AeHuPZ044uDNQ"},"senderMessageKeys":[{}]},{"senderKeyId":1202280037,"senderChainKey":{"iteration":15,"seed":"VD8uHm5eLXGY6G5Z4fDYojI5WJqkuibhnT7PRwTxNh8="},"senderSigningKey":{"public":"BeAcl47Mq9dGeFpjxFVVKd/LSoWqrr7AeHuPZ044uDNQ"},"senderMessageKeys":[]},{"senderKeyId":1202280037,"senderChainKey":{"iteration":59,"seed":"WN/ojqkCsqdU0mCuqnYJcvJjYz9TgvuAMhe+abUf0vY="},"senderSigningKey":{"public":"BeAcl47Mq9dGeFpjxFVVKd/LSoWqrr7AeHuPZ044uDNQ"},"senderMessageKeys":[]},{"senderKeyId":1202280037,"senderChainKey":{"iteration":72,"seed":"cNVmZDVqtRozfSuhsGuK7guBhutYHPMfkRiGF1TaANU="},"senderSigningKey":{"public":"BeAcl47Mq9dGeFpjxFVVKd/LSoWqrr7AeHuPZ044uDNQ"},"senderMessageKeys":[]},{"senderKeyId":1845991187,"senderChainKey":{"iteration":5,"seed":"GUu5Rfkvci/svrk7cS3oAu7tZNMdZAt1ChHtrlcBrjw="},"senderSigningKey":{"public":"BQott7KWwUFmZPkwAUC504QvDB74fQlBMfRXpWG8oMAO"},"senderMessageKeys":[]}]