[{"senderKeyId":1064398669,"senderChainKey":{"iteration":1,"seed":"DkH048Q4HQIih9CBV2gVQeAhXAM0HOI/m8XDoobQwUM="},"senderSigningKey":{"public":"BfSQQJhTKdrnH/sKDJKW09/3D6fFhexZuXQqerXki4tE"},"senderMessageKeys":[]},{"senderKeyId":1360093069,"senderChainKey":{"iteration":33,"seed":"baOgkac2nYFgbls3GlsFXwr9cNFeLH+KTKtA558NVXU="},"senderSigningKey":{"public":"Bee2eg0ZYNcVIoecjFq2aUUqkgJk45/f2mnBXXiRSl9A"},"senderMessageKeys":[]},{"senderKeyId":1360093069,"senderChainKey":{"iteration":1,"seed":"ZRmab5m5WpypHMsVpJs9dBslWj7xahKH89fprGhuark="},"senderSigningKey":{"public":"Bee2eg0ZYNcVIoecjFq2aUUqkgJk45/f2mnBXXiRSl9A"},"senderMessageKeys":[]},{"senderKeyId":1360093069,"senderChainKey":{"iteration":13,"seed":"79uXL15G+9MjmUR6SPa3BLZzSeptgBnPwTrLFcqjTIs="},"senderSigningKey":{"public":"Bee2eg0ZYNcVIoecjFq2aUUqkgJk45/f2mnBXXiRSl9A"},"senderMessageKeys":[]},{"senderKeyId":1360093069,"senderChainKey":{"iteration":20,"seed":"AIVVfwNsBWlEL/vYT2gEfZbjkweKSGQuwW2TMnqnzhc="},"senderSigningKey":{"public":"Bee2eg0ZYNcVIoecjFq2aUUqkgJk45/f2mnBXXiRSl9A"},"senderMessageKeys":[]}]