[{"senderKeyId":1769878488,"senderChainKey":{"iteration":29,"seed":"M4VfVHR3gw2qaMymnfPuhAMdZxqccymCTVA/fpopuBY="},"senderSigningKey":{"public":"BcSIE1/m7XayK/2kxMDHuRWN1+dALA+HqQDTxTIh+W5z"},"senderMessageKeys":[]},{"senderKeyId":510688618,"senderChainKey":{"iteration":14,"seed":"GuLdV9IqkUK4274Ea2rZtgPejPJDKAzz2l4xaKT94Do="},"senderSigningKey":{"public":"BRXx5NngTuBbGqJmhPHOVFt1ELfbRgzI8LL8GkuJumRp"},"senderMessageKeys":[]},{"senderKeyId":510688618,"senderChainKey":{"iteration":8,"seed":"oBs7BUvorVjeOLI5umepeQLJDrtAhXgVUwrhgKxsjFs="},"senderSigningKey":{"public":"BRXx5NngTuBbGqJmhPHOVFt1ELfbRgzI8LL8GkuJumRp"},"senderMessageKeys":[]}]