[{"senderKeyId":1691806894,"senderChainKey":{"iteration":12,"seed":"X8ZzSZtD7qvEcYQ71R7gsppWKlfZVQ5CV0Z4vbunJWI="},"senderSigningKey":{"public":"BZEk4ITfEcjTNfu1qga5WTHtarRSykevbg65yUB68fsg"},"senderMessageKeys":[]},{"senderKeyId":1691806894,"senderChainKey":{"iteration":17,"seed":"IjCwLarbXra0JUCrj3o7lkOqvsJ9++oQPTKj7Ykcrvg="},"senderSigningKey":{"public":"BZEk4ITfEcjTNfu1qga5WTHtarRSykevbg65yUB68fsg"},"senderMessageKeys":[]},{"senderKeyId":1691806894,"senderChainKey":{"iteration":32,"seed":"TE/y+fUgAdN5Qt3G+5ModfvQq2aWRnM6rSM/2yUL2rs="},"senderSigningKey":{"public":"BZEk4ITfEcjTNfu1qga5WTHtarRSykevbg65yUB68fsg"},"senderMessageKeys":[]},{"senderKeyId":78605027,"senderChainKey":{"iteration":3,"seed":"1NneIJUAR+Sw9syoKKCLsdPee4rr//MEYudc9sZBPAs="},"senderSigningKey":{"public":"BYijr1KeOL+kmPRCly05tQubfjGncDoKodIN51YtUxNp"},"senderMessageKeys":[]},{"senderKeyId":1917225965,"senderChainKey":{"iteration":16,"seed":"4usnpEXN9OcPh9OLn2sYqsS+drkcvGy01tOvO4zPnM8="},"senderSigningKey":{"public":"BeTXk6z0rY/rP0kkK8qDoV9izq53vmxPvBUXNlyVN/xI"},"senderMessageKeys":[]}]