[{"senderKeyId":370557412,"senderChainKey":{"iteration":6,"seed":"kmBx6N5/ciuZHLK2xh1hRVdFw2/1BR5hx3L3vv6ekWc="},"senderSigningKey":{"public":"BZCwNUjUNcEwMCkiOpQofoReiYPZP9LqaGYIcvc4tLZR"},"senderMessageKeys":[]},{"senderKeyId":370557412,"senderChainKey":{"iteration":3,"seed":"2nzZ6et11gs2EAZZOhPGYs0fxtFoVfEJaALQkSYOals="},"senderSigningKey":{"public":"BZCwNUjUNcEwMCkiOpQofoReiYPZP9LqaGYIcvc4tLZR"},"senderMessageKeys":[]},{"senderKeyId":370557412,"senderChainKey":{"iteration":4,"seed":"PymRJvh10NmJF4Azro7w4zNTOE9ir5g/sOwCzbISR5U="},"senderSigningKey":{"public":"BZCwNUjUNcEwMCkiOpQofoReiYPZP9LqaGYIcvc4tLZR"},"senderMessageKeys":[]},{"senderKeyId":370557412,"senderChainKey":{"iteration":5,"seed":"5RZA/eAh+M4W+fHCbDJoo+7KmkvhckjnqYZhb3bmEMc="},"senderSigningKey":{"public":"BZCwNUjUNcEwMCkiOpQofoReiYPZP9LqaGYIcvc4tLZR"},"senderMessageKeys":[]},{"senderKeyId":384303677,"senderChainKey":{"iteration":2,"seed":"FI4D9DMth3eNPlLJf+9X73b/k0MZbO/kmJAtcdjtNYs="},"senderSigningKey":{"public":"BRoduBHKvD0TvzONY8sKHmQcwOaf/NmjxvcQ6EYEzQ9t"},"senderMessageKeys":[]}]