[{"senderKeyId":46795042,"senderChainKey":{"iteration":11,"seed":"1eh1aePitLv6Lgg1h8W9X4LAmDJ/m1bT+SYeH8pixmA="},"senderSigningKey":{"public":"BXlxu9gV0TVfAd72AbCcQ59f6eDjzHP0ZE9Qp1O5EcgQ"},"senderMessageKeys":[]},{"senderKeyId":628577596,"senderChainKey":{"iteration":55,"seed":"A0mn6nAP0WAw/Chm62a1e+d3lTZuKZa2m5TyrCLgJ6U="},"senderSigningKey":{"public":"BaYIvibosQAQhQuX5Xa39bCw5t+yp5hPjUe5FGmmq20e"},"senderMessageKeys":[]},{"senderKeyId":1338533832,"senderChainKey":{"iteration":6,"seed":"KOkqfTM/d7juuwLTyzs8qVTdBP/HJDotQR3bBgCFLVA="},"senderSigningKey":{"public":"BaqCL2IEJrYXL+iVdAiJe9QsLv5hQQkponbHTEmd08QS"},"senderMessageKeys":[]},{"senderKeyId":2031290590,"senderChainKey":{"iteration":40,"seed":"CIUldSngUCwHq7GJiTSmJJrwMSTwyln54QRsMKE4j1o="},"senderSigningKey":{"public":"BXGAY9FFiMtUC68fJmqTp04z11ISvMnqHC8E9FO4i7Rz"},"senderMessageKeys":[]},{"senderKeyId":588171279,"senderChainKey":{"iteration":14,"seed":"w0scyZT13aEeVAJ8sn4tzVsBAMXCQrOWzjQGSMr6y9M="},"senderSigningKey":{"public":"BU4ljlPlc3qxdE5Gh0zcJ8AeKxyxHxB6MNjo+ZI/o7IM"},"senderMessageKeys":[]}]