[{"senderKeyId":1904480144,"senderChainKey":{"iteration":85,"seed":"gqWK8BS5jxPsAKmVDI9tp2PzmnaBMsPJkNcf1qjPnGk="},"senderSigningKey":{"public":"BVLZrAEo0urFMuo8lBNPwl2Ox+kR2ewZOzDx2WfC3QJQ"},"senderMessageKeys":[{},{},{},{},{},{},{},{},{},{},{},{},{},{},{},{},{},{},{},{},{},{},{},{},{},{},{},{},{},{},{},{},{},{},{},{},{},{},{},{},{},{}]},{"senderKeyId":1904480144,"senderChainKey":{"iteration":33,"seed":"g1G5bVFHY73imQaAo9GprQrCbRSimLiKV/j4jTb/Cx4="},"senderSigningKey":{"public":"BVLZrAEo0urFMuo8lBNPwl2Ox+kR2ewZOzDx2WfC3QJQ"},"senderMessageKeys":[]},{"senderKeyId":1904480144,"senderChainKey":{"iteration":43,"seed":"yJbg2NvaVJxpqDhjAqf24nopmRv7mpxjKsmdDwTvQCo="},"senderSigningKey":{"public":"BVLZrAEo0urFMuo8lBNPwl2Ox+kR2ewZOzDx2WfC3QJQ"},"senderMessageKeys":[]},{"senderKeyId":1904480144,"senderChainKey":{"iteration":47,"seed":"ZaSKgiUeR0Ijs4REVH0RDNYTp6kjVk1PvwJfZAeMuTU="},"senderSigningKey":{"public":"BVLZrAEo0urFMuo8lBNPwl2Ox+kR2ewZOzDx2WfC3QJQ"},"senderMessageKeys":[]},{"senderKeyId":1904480144,"senderChainKey":{"iteration":53,"seed":"bKIa0iNfYk5JrbKHBp0FFBexnfd91a4PoWlRORr03fM="},"senderSigningKey":{"public":"BVLZrAEo0urFMuo8lBNPwl2Ox+kR2ewZOzDx2WfC3QJQ"},"senderMessageKeys":[]}]