[{"senderKeyId":448668962,"senderChainKey":{"iteration":115,"seed":"6SlDO1l6PQCgErHdEXo61SPAPotBPqHsfXt/w0AnnrU="},"senderSigningKey":{"public":"BamnhUz3+Ytqd+YY7SLpUAzszcSZEaA0nLbRqCeJs08r"},"senderMessageKeys":[{},{},{},{},{},{},{},{},{},{},{},{},{},{},{},{},{},{},{},{},{},{},{},{}]},{"senderKeyId":448668962,"senderChainKey":{"iteration":12,"seed":"GZV7T2Z7OhyXh8fC4OWXrjXISAsF1jryI1bYc5zu77E="},"senderSigningKey":{"public":"BamnhUz3+Ytqd+YY7SLpUAzszcSZEaA0nLbRqCeJs08r"},"senderMessageKeys":[]},{"senderKeyId":2073886476,"senderChainKey":{"iteration":52,"seed":"uSTcLghx1CEXB0gi+3ELbmImfrzEC/DAaVAVM/R3uiA="},"senderSigningKey":{"public":"BU2VccJZ+R55YjVhYXMYlbY3w9uf2vmwxJsOeOmSfHFR"},"senderMessageKeys":[]},{"senderKeyId":2073886476,"senderChainKey":{"iteration":25,"seed":"F+M5mPuuho5KehwnAJw7J77Jb2j3bkMqzAuxUwRCC8Q="},"senderSigningKey":{"public":"BU2VccJZ+R55YjVhYXMYlbY3w9uf2vmwxJsOeOmSfHFR"},"senderMessageKeys":[]},{"senderKeyId":1950111726,"senderChainKey":{"iteration":42,"seed":"aWP90v/Uyud4gnL2LutZO/DJi3ZIj/GXZjLl2HBhOvg="},"senderSigningKey":{"public":"BTAR7M650sYYMn9ds0OfKWcCzrAOzYC1Mpq8qfJOV4p0"},"senderMessageKeys":[]}]