[{"senderKeyId":1651435768,"senderChainKey":{"iteration":7,"seed":"K58MmHot2pvp4CGggJu9w57aNknQsVqxMUGWYj/EqA4="},"senderSigningKey":{"public":"BTOo858bo8QHiHIdEVF440Z1/Iv0u4cugCun1DzdajBV"},"senderMessageKeys":[]},{"senderKeyId":51022938,"senderChainKey":{"iteration":2,"seed":"wChYnBW/5F3yeGZ8S+df/82nm3JnZEMj4Gny8R7OkCg="},"senderSigningKey":{"public":"BSUzp/zUsr6+m/6t5CP3aQ8uNJs9Wii93+6aKbWIoHsh"},"senderMessageKeys":[]},{"senderKeyId":51022938,"senderChainKey":{"iteration":1,"seed":"1/GKRv8v6gR6WfDWmo5xQna6os5STZJ8nE1iMfQ0PgU="},"senderSigningKey":{"public":"BSUzp/zUsr6+m/6t5CP3aQ8uNJs9Wii93+6aKbWIoHsh"},"senderMessageKeys":[]},{"senderKeyId":685408878,"senderChainKey":{"iteration":4,"seed":"sPcvahcT0+DWIuveeVW4GFGucNcKDQjilspeFaxiObc="},"senderSigningKey":{"public":"BUhl3kBW+Jb9RUDfR8KZm1MSzL/ny+X/MFuH9NTYzy8y"},"senderMessageKeys":[]},{"senderKeyId":135178236,"senderChainKey":{"iteration":28,"seed":"lkHTPUb/MF+uZV1mkTgECqC+PNUM30JXbS9Eyzs90zY="},"senderSigningKey":{"public":"BeIwCYrOea4qGQlQGNFEDhCAahNJjoEFlj2PYQYX2OkT"},"senderMessageKeys":[{}]}]