[{"senderKeyId":1922657682,"senderChainKey":{"iteration":3,"seed":"nZoC0m+jhS/MhWpgWsWbHMENmF9AS0mfUzf7qBtqa8E="},"senderSigningKey":{"public":"BTkBx67qEfUHVFFRa9b9yS5UtnTud4xS0cLosLdf8kVo"},"senderMessageKeys":[]},{"senderKeyId":1194686979,"senderChainKey":{"iteration":5,"seed":"8IaUqAryloOkidPf4pWkEohhwQOpoGJgXy9ioSexvrw="},"senderSigningKey":{"public":"BQAX+4zsPPhGipkqjnXz10NxB9oy/eN54YPcPtp+VYA0"},"senderMessageKeys":[{}]},{"senderKeyId":1194686979,"senderChainKey":{"iteration":1,"seed":"FJ5z+b/gHxpqCk2n0H6iUqfN9HRgoogxkkZMsTZ4y2M="},"senderSigningKey":{"public":"BQAX+4zsPPhGipkqjnXz10NxB9oy/eN54YPcPtp+VYA0"},"senderMessageKeys":[]},{"senderKeyId":846777644,"senderChainKey":{"iteration":5,"seed":"b3lsiVrnGkEgD8pWpRwPnMXP7vW7XjSoGX8XeiyRNsU="},"senderSigningKey":{"public":"BUYc8P5+7vw0EjVMqIWHD1S89km42O7iOfa5XMEoSLcp"},"senderMessageKeys":[]},{"senderKeyId":2067454174,"senderChainKey":{"iteration":12,"seed":"Tgo+asdaxcf4fJSu9o7akygtGjpnXpoHXYIz0j6aJoo="},"senderSigningKey":{"public":"BX6Un7pLnYPAYs4uvRASgTNcO2oTctPoYXojyZs4d5MX"},"senderMessageKeys":[{}]}]