[{"senderKeyId":1883049683,"senderChainKey":{"iteration":53,"seed":"yYP+FhnE7xOiUogTdsgTv/tpNPdffAycxY+x+XDzxgY="},"senderSigningKey":{"public":"BWmzIrqIM6s8y1m5whR4TZUaQ4AHadENX9EjzA3A6dZU"},"senderMessageKeys":[{"iteration":1,"seed":"BR9CN5Tu2eXX2GNxVXffQ5ROpy1Ms97PsDwzOxqTnkM="},{"iteration":3,"seed":"8aBFABw7B7jO3ZHFfTca9SNVpNisfnBABKhq1ursJ2A="},{"iteration":5,"seed":"bE786Pc2ID0tLyFmvDxbRGJh6ZXrLyjmpk4C/KVVNgc="},{"iteration":7,"seed":"7N7abTPxzA0rU7+tkUlH/10iVHDCujrm0UYK4rRtME8="},{"iteration":9,"seed":"iU0b4zIIpip8pD6R6YjHXY/bDSlKC+edm3SHPDjmz4w="},{},{},{},{},{},{},{},{},{},{},{},{},{},{},{},{},{},{},{},{},{},{},{}]},{"senderKeyId":1883049683,"senderChainKey":{"iteration":41,"seed":"MGPFOSmOiP13rHmIcbG8za8H0/U5BRZ1H7Uq4R9HbqY="},"senderSigningKey":{"public":"BWmzIrqIM6s8y1m5whR4TZUaQ4AHadENX9EjzA3A6dZU"},"senderMessageKeys":[]}]