[{"senderKeyId":142869823,"senderChainKey":{"iteration":4,"seed":"5gSpCdjmuCa9ilD7DgHUTrNpDSXykkJd68Zr7sgfNgQ="},"senderSigningKey":{"public":"BZ+DpcujI7iKU3+m8KeBXSQkwXeBiPbthqcAKjSXsFJP"},"senderMessageKeys":[]},{"senderKeyId":829812643,"senderChainKey":{"iteration":2,"seed":"l3E2svlXld4YI+HF63dbU6PXHx7q73gf/qPGvtoZrg4="},"senderSigningKey":{"public":"Bcn6WtTTbf91g7coQw0HqDUjgUtRlQMTs5YSxOCqX0An"},"senderMessageKeys":[]},{"senderKeyId":2095882141,"senderChainKey":{"iteration":6,"seed":"OdfxJ9tPM1DE7yMg0d7C8yYdeYVEOLlZGtk2FFCwxKY="},"senderSigningKey":{"public":"Bex4or//PoDjLCzJ/dgImEVRSFs6gEb5bvSdBudEwlMS"},"senderMessageKeys":[]},{"senderKeyId":1665594449,"senderChainKey":{"iteration":3,"seed":"7K3v3+wrnlxormNnJXoL/nLFqqUdB2nJfb/6nCjrETQ="},"senderSigningKey":{"public":"BZvE9EY3u084pnmbv2/j9h4B1FVtWIc3p/yuodbQbvhY"},"senderMessageKeys":[]},{"senderKeyId":545192757,"senderChainKey":{"iteration":1,"seed":"u/VKXDLGzdR5Dxf3QECIAzo71V716pcw51K6Nx93LHY="},"senderSigningKey":{"public":"Bbw+RqKbAeLR6xWNtzp/2CuitrFx23eqgge/kT4k9wAf"},"senderMessageKeys":[]}]