[{"senderKeyId":1599913534,"senderChainKey":{"iteration":5,"seed":"TBuXXlmrCNP3KZeQJks8cXBGPqVZtmMRmM5T6rHj1qQ="},"senderSigningKey":{"public":"BYXLsbOCq9xo3KmPVJHTQY4lvTCB5aZ76M9ljx0Rqn85"},"senderMessageKeys":[]},{"senderKeyId":590126785,"senderChainKey":{"iteration":5,"seed":"ut28jQQtG85K4Nw6qp2JY3Ob/RqGFcYRFh4yt9QkTvo="},"senderSigningKey":{"public":"BWgRK5+xiLhDSpW/n0pzYYh78HsJLJCHUmc+KhaqP+4f"},"senderMessageKeys":[]},{"senderKeyId":928806806,"senderChainKey":{"iteration":19,"seed":"dwsfcwuPevlsF2xctWDfJrD0uBrs3Fw8FkGnFEEXc3g="},"senderSigningKey":{"public":"BUaqZG2pOPMLfKdD3Qd1V2rNwkulmvZALcpggwXRftsp"},"senderMessageKeys":[]},{"senderKeyId":509536946,"senderChainKey":{"iteration":12,"seed":"fPHjGe5UEheTI1EFw7Ov4IEH9BecJBGF0vyfBp+pu58="},"senderSigningKey":{"public":"BUSFWFCJ05ffrDX4uqV55yzqQGAp3yt3Wf5b5IK9iXQz"},"senderMessageKeys":[]},{"senderKeyId":509536946,"senderChainKey":{"iteration":2,"seed":"TOgRf2uXk2BbtSWR6gP/PxQV7Rau5YITw9HZngCWjto="},"senderSigningKey":{"public":"BUSFWFCJ05ffrDX4uqV55yzqQGAp3yt3Wf5b5IK9iXQz"},"senderMessageKeys":[]}]