[{"senderKeyId":480632817,"senderChainKey":{"iteration":3,"seed":"Oac8S+fQkRQY9EqZ7RcOZqrbTWEY7q248dVok966l6E="},"senderSigningKey":{"public":"BTMwRX9XqgUcrLlEXsMt9Y7pzEy2dwHWaMAhYaNexyws"},"senderMessageKeys":[]},{"senderKeyId":1777777752,"senderChainKey":{"iteration":2,"seed":"K565vgvaXtfsAFHJfZ6iXDLH1O08GgRk2zoyFCLTRa0="},"senderSigningKey":{"public":"BSlVz5mQgFw/sWNYNrUQY6IAV3vQ0YELt8lc6bTETGtm"},"senderMessageKeys":[]},{"senderKeyId":2129112342,"senderChainKey":{"iteration":12,"seed":"lZ/TSi/LrGzDn47c0384GPxKHPDcxmVBFHgRda67koY="},"senderSigningKey":{"public":"BYo7Btv8TiGuYLtZMk3qHBkHIOlJVUJ04XzkE3/OD5wy"},"senderMessageKeys":[]},{"senderKeyId":646681019,"senderChainKey":{"iteration":7,"seed":"ZGimajFgTQSAvIiQedhAGuvy0Upse1Rs9jBu1+wF/v0="},"senderSigningKey":{"public":"BRAkNSVkTIKSNG5idksvkl3FeLdJZineNAfCnTq4cWhh"},"senderMessageKeys":[]}]