[{"senderKeyId":1149414987,"senderChainKey":{"iteration":6,"seed":"KueYgzbfzD8aYZvNITwsDsDGntFeMY9MLN/isXcSfoA="},"senderSigningKey":{"public":"Bc/c6OnP+7LXw7QKd/snB4e4K8wxfqB1xspgPh7LZjk9"},"senderMessageKeys":[]},{"senderKeyId":1275850611,"senderChainKey":{"iteration":6,"seed":"T2zczlkaOR9155e8cBEtMt5aduUW+1TLwH+7G+mH4qw="},"senderSigningKey":{"public":"BSLd0Q8+RRdcyBQPtKnYud77ujv/6ulmJijLLHY+BXRi"},"senderMessageKeys":[]},{"senderKeyId":1918509658,"senderChainKey":{"iteration":2,"seed":"LhzyEe1O2XRlMitSlm+SSHznuIH/kTL0IhpG/zzxtzc="},"senderSigningKey":{"public":"BYIO2NR8xSmw42BpXqVlE7kpjIQv2OD+G0EnoL47Ec0i"},"senderMessageKeys":[]},{"senderKeyId":382204625,"senderChainKey":{"iteration":1,"seed":"DrJIzP89WBFjs1JjoLtXFszCRfL45IMbKkamjgfoeIc="},"senderSigningKey":{"public":"BWxv3objh1dTvDN+wr723DqGxBiJWwdfe0oJ+22GhN8+"},"senderMessageKeys":[]},{"senderKeyId":1514665712,"senderChainKey":{"iteration":3,"seed":"rXRQFU3kDBj02BXMBkoIuwmxPWIjm9TaJ1PGbsHviHw="},"senderSigningKey":{"public":"BUIkH2MRjs1sCX6Ha1pQdxoMbXIYGI+c46KDuVBHxvI9"},"senderMessageKeys":[]}]