[{"senderKeyId":1452771223,"senderChainKey":{"iteration":6,"seed":"a1uDytp7GCaD5uMpwUMl/F05bcdf2hp3NX9V68eCcuk="},"senderSigningKey":{"public":"BTO1qKbJZY9ejkjDZaNQ4mXjuEzUR7tcgvs1kokCiu1I"},"senderMessageKeys":[]},{"senderKeyId":1429955247,"senderChainKey":{"iteration":42,"seed":"KLbHkTQtl5cucn3Ds7n59W0K+jkJAC82gEVirqCJc+0="},"senderSigningKey":{"public":"BWzCKUrWbGUUvGJq6zkJCET5pIo7/RveXJLJm2QWF788"},"senderMessageKeys":[]},{"senderKeyId":1429955247,"senderChainKey":{"iteration":40,"seed":"ogzOj+LMjQsGAzJlPIeV3q0eQf8vI2dPlKomKzjJng0="},"senderSigningKey":{"public":"BWzCKUrWbGUUvGJq6zkJCET5pIo7/RveXJLJm2QWF788"},"senderMessageKeys":[]}]