[{"senderKeyId":1525191118,"senderChainKey":{"iteration":91,"seed":"g3GjwgXT0xYFJh53cokJe85x31QS0IpthjG9H2j4CAo="},"senderSigningKey":{"public":"BW6zxMiFhiIb0ucISmUwf+f92IrJGqwzNiqqpM0mvPxI"},"senderMessageKeys":[]},{"senderKeyId":1525191118,"senderChainKey":{"iteration":92,"seed":"8xNMZ26b9ugp4ugVVQMi87DvR2gX0ag/zL5V3lAyNp0="},"senderSigningKey":{"public":"BW6zxMiFhiIb0ucISmUwf+f92IrJGqwzNiqqpM0mvPxI"},"senderMessageKeys":[]},{"senderKeyId":1525191118,"senderChainKey":{"iteration":102,"seed":"/jZz4uh3toVr4SyTTwHdSri6JCxMVAqUXXI0ZyDSMU0="},"senderSigningKey":{"public":"BW6zxMiFhiIb0ucISmUwf+f92IrJGqwzNiqqpM0mvPxI"},"senderMessageKeys":[]},{"senderKeyId":265551361,"senderChainKey":{"iteration":26,"seed":"spJbRG4M79Qzuf+yFCj6f/m3c3L/N0mQB7mBDHfs9zM="},"senderSigningKey":{"public":"BULAKOm/55BIma2YA/zkgvUwVvpB5EkS15CMY0NJ1QUV"},"senderMessageKeys":[]},{"senderKeyId":265551361,"senderChainKey":{"iteration":18,"seed":"h+Lom/tpVVykqFy0WmU/CArXyYR23nPshZDlN57udDY="},"senderSigningKey":{"public":"BULAKOm/55BIma2YA/zkgvUwVvpB5EkS15CMY0NJ1QUV"},"senderMessageKeys":[]}]