[{"senderKeyId":899428691,"senderChainKey":{"iteration":31,"seed":"BQtrnsCOtBcz+L0s9xvFXuGiWI3rGZTP3uPnUZOF8Zg="},"senderSigningKey":{"public":"BVij40Q+xQ8JeMXIQy1jZu/sFXvmHViwNyAyT5C5nagE"},"senderMessageKeys":[]},{"senderKeyId":2093768266,"senderChainKey":{"iteration":38,"seed":"/0DCPwYR1LV6xVNkfI957t6vIiZU2BHog6MxBqbG6NA="},"senderSigningKey":{"public":"BfjO1ksWpLHJv20uTEl/nieabt6AZys9KN0O6w5B9PR2"},"senderMessageKeys":[{}]},{"senderKeyId":2093092616,"senderChainKey":{"iteration":6,"seed":"kZUGSuzBDUspaqeaEbTU2/Da0izYA5mPpcTcEAG3SnY="},"senderSigningKey":{"public":"BVOo7O5l9hDNkgw/QHQOvw3+5gJnAFF0JcU9voS05mQI"},"senderMessageKeys":[]},{"senderKeyId":1245820395,"senderChainKey":{"iteration":1,"seed":"o7QO9dBJpgr2XIxGAkOQZ7fLfr0zNhMUSZejcYZBoP0="},"senderSigningKey":{"public":"BezGP4iSzDgM41bRx4cQriq7jayebL0qouSjsp4VP5Iu"},"senderMessageKeys":[]},{"senderKeyId":30240979,"senderChainKey":{"iteration":9,"seed":"ZyjoA/ZKKxtBiJBL1H/wbqs0GwTKg0lroZfvrkQhyug="},"senderSigningKey":{"public":"BUHwSyKwLaSFwO0CyY2Du+rIK7lMRDHiQ7+F1xPdDYo6"},"senderMessageKeys":[]}]