[{"senderKeyId":399402606,"senderChainKey":{"iteration":1,"seed":"RDyIyAXTAH79BoOKoaqEnTnfBaoY2Q2+YodxMJGeZKE="},"senderSigningKey":{"public":"BbRj09EyZsv3JPCqNNbOwh7cyr52oxwSdlse+4qrxcZD"},"senderMessageKeys":[]},{"senderKeyId":646136355,"senderChainKey":{"iteration":20,"seed":"l98zDoFD6ERcmPVWhiNWfM0n3wXgbPfT3Yk8sGNK/e4="},"senderSigningKey":{"public":"BYZlvUyuX4m9g2cz0mqh2V/0/blwaHtGm2o+/UJ5vAQ2"},"senderMessageKeys":[]},{"senderKeyId":646136355,"senderChainKey":{"iteration":11,"seed":"/bIHnx0I9pAfkeQNpWHJ0XA2CFHunSw/IKqAyjX2qVA="},"senderSigningKey":{"public":"BYZlvUyuX4m9g2cz0mqh2V/0/blwaHtGm2o+/UJ5vAQ2"},"senderMessageKeys":[]},{"senderKeyId":646136355,"senderChainKey":{"iteration":15,"seed":"tf+yU9HQyTVxdXraOhxjuuzBHEKsjRhLievUAk/qzJ0="},"senderSigningKey":{"public":"BYZlvUyuX4m9g2cz0mqh2V/0/blwaHtGm2o+/UJ5vAQ2"},"senderMessageKeys":[]}]