[{"senderKeyId":300551602,"senderChainKey":{"iteration":4,"seed":"hMJQFcvD8YybghS4syyvzIBJOF2Udtrc646XZ8JvGU8="},"senderSigningKey":{"public":"BcvFR9IhW6m38cZJ3tbLNl3wBpXtdp/Svs5U4viFIBhq"},"senderMessageKeys":[]},{"senderKeyId":1357203413,"senderChainKey":{"iteration":4,"seed":"Ec/WF+iM/Vdw2uTJ6Iba8lI9LKITvbk5wvEiIXPu1E8="},"senderSigningKey":{"public":"BSqkpDPhFDP9VBM3OHldVLSYl/hfBA2GR/4GYw/JZDNo"},"senderMessageKeys":[]},{"senderKeyId":482081777,"senderChainKey":{"iteration":2,"seed":"4ffutH0ST748lut/BeSKNuU1STDLaLYagpdHx5ccU+Y="},"senderSigningKey":{"public":"BRDkWjgj5iIyI8rXO5jgT7foyqu5IH7j5ktFShO2pr8U"},"senderMessageKeys":[]},{"senderKeyId":1807850295,"senderChainKey":{"iteration":9,"seed":"z3W2BLbVG66PSrRSzoR3gCAs5x++K9vAxR6OTv8qD8s="},"senderSigningKey":{"public":"BZBySZg3Bl5TmNBvcnWYbiQE0bL9L3ptvfmCoUfRYD48"},"senderMessageKeys":[]},{"senderKeyId":185674748,"senderChainKey":{"iteration":3,"seed":"Gi8k8mshjZEgYEE5ggBSnXSin11ToAwF+aobbL8057Q="},"senderSigningKey":{"public":"BQNcgPIzH2uOBP2xvpWcCYP4PqA70qPE+F8DBkB9yxZE"},"senderMessageKeys":[]}]