[{"senderKeyId":335289591,"senderChainKey":{"iteration":3,"seed":"pVi44ZloMHmWJJaWMmg0MysKiAHZ7UlCLPdPTXQeIEM="},"senderSigningKey":{"public":"BQNAI+VrIgw/vUiSNSjASEf5xLGpLjGpVCWddFkhr9x2"},"senderMessageKeys":[]},{"senderKeyId":449915594,"senderChainKey":{"iteration":19,"seed":"GrR2wMwYt+c/5GgYSCOjpYEbjo/Zu+mmYVXADWTrFl0="},"senderSigningKey":{"public":"BQryhcltXkbK+xgfXt3Vi0qrHi476TRiD4jjQc8Gspw2"},"senderMessageKeys":[{}]},{"senderKeyId":646661542,"senderChainKey":{"iteration":1,"seed":"8O1b8SSKlrEgbntAilbuQwA+6Er1EC9T0fXlsZHKTxA="},"senderSigningKey":{"public":"BVqTWy/xzmtT+Nlr6JxYo+uNz4q95JQwgUoalL128tcJ"},"senderMessageKeys":[]},{"senderKeyId":1399886503,"senderChainKey":{"iteration":5,"seed":"/f06P1o0WQ2Q6iAViZXOjaa194NnXuXdxShFgPw/u7I="},"senderSigningKey":{"public":"Bbc1kYLEVOG4nnCa7Vuhlns2G7vbu6BVnDZ67L0BsVZ6"},"senderMessageKeys":[]},{"senderKeyId":1399886503,"senderChainKey":{"iteration":4,"seed":"oWMjB1EJVIAUcMw9nxvuBr8uEjNYT96FysXAGSX8Vjc="},"senderSigningKey":{"public":"Bbc1kYLEVOG4nnCa7Vuhlns2G7vbu6BVnDZ67L0BsVZ6"}}]