[{"senderKeyId":1808075175,"senderChainKey":{"iteration":27,"seed":"5bFG+R0AIBSMaKSdrVe9bpZGZrdgJjCJMzRL9M7aaPE="},"senderSigningKey":{"public":"BezB9WEE6CP10skgO6sRRMddldoP0FGSE6Z1vlhkEGt7"},"senderMessageKeys":[]},{"senderKeyId":1663835177,"senderChainKey":{"iteration":9,"seed":"2w3NaLP1RmPMFf2YRkMm5ztBUflyLBCCoCMbeSr1xXc="},"senderSigningKey":{"public":"BUbAzgVaySB1rdexdprFhslVFg58HX8rOw0Gj41UIjQV"},"senderMessageKeys":[]},{"senderKeyId":1959714821,"senderChainKey":{"iteration":3,"seed":"cc5mghoaJTXgR27HUmJpkLvpPjqPYy+A6TERtHycdjo="},"senderSigningKey":{"public":"BRdt4hKIyBqBpP9jD7RBjZfp0c1UtOewi0EseUGQ0FAB"},"senderMessageKeys":[]}]