[{"senderKeyId":1087822721,"senderChainKey":{"iteration":179,"seed":"+9Ew2liTl24Uz84YaHWSQeFPDsRyDhV5som7Rvu/WMI="},"senderSigningKey":{"public":"BamXjnyuRaelHVhSfeHa8BcfSTX3A2itrBxSmQOqhY0e"},"senderMessageKeys":[{},{},{},{},{},{},{},{},{},{}]},{"senderKeyId":1087822721,"senderChainKey":{"iteration":169,"seed":"ojc1whB60D8rwMFA6ygLhI5lLqh7QNE6p7xZfROyS1o="},"senderSigningKey":{"public":"BamXjnyuRaelHVhSfeHa8BcfSTX3A2itrBxSmQOqhY0e"},"senderMessageKeys":[]},{"senderKeyId":1087822721,"senderChainKey":{"iteration":171,"seed":"SUETnCiSXZ31g83vt7ziN4nRSdGRhdYluaj98ScFRg4="},"senderSigningKey":{"public":"BamXjnyuRaelHVhSfeHa8BcfSTX3A2itrBxSmQOqhY0e"},"senderMessageKeys":[]},{"senderKeyId":1087822721,"senderChainKey":{"iteration":173,"seed":"Jbov+GLvn4z67cTQhV6lBnSdP0z9h75OQt7YzkjwT6M="},"senderSigningKey":{"public":"BamXjnyuRaelHVhSfeHa8BcfSTX3A2itrBxSmQOqhY0e"},"senderMessageKeys":[]},{"senderKeyId":1087822721,"senderChainKey":{"iteration":175,"seed":"oexz0+X/Y/QePmoy3xIGO1LzNG9OQ3/dWnqBKDFWekk="},"senderSigningKey":{"public":"BamXjnyuRaelHVhSfeHa8BcfSTX3A2itrBxSmQOqhY0e"},"senderMessageKeys":[]}]