[{"senderKeyId":380018301,"senderChainKey":{"iteration":33,"seed":"FKOVxZ9h3jOTjH5lUixh9HP0CsAcem/roTwp6+BVNRE="},"senderSigningKey":{"public":"BTZXcrlbaJ/NnAdd/VN1L2o8x/dWQFI0uyCi7SbCSVZT"},"senderMessageKeys":[]},{"senderKeyId":1345635168,"senderChainKey":{"iteration":10,"seed":"m21iYXNiHR+XCbemH9CTPmV6vVR/4Fv3gnBd/9ouSKY="},"senderSigningKey":{"public":"BYeIMniE8SYhwLxf8UW1EMlnzNP/qOGs2c9ky70dfGR8"},"senderMessageKeys":[]},{"senderKeyId":479680771,"senderChainKey":{"iteration":5,"seed":"X8EfDM1UovjX3cTw0H0DIc7oKes6Ziipvqi1SDRD8QI="},"senderSigningKey":{"public":"BVLFZokS+IStpg+d2HnJJG6Y2KVbKbXC1HD2zQu2nahD"},"senderMessageKeys":[]},{"senderKeyId":1806602745,"senderChainKey":{"iteration":23,"seed":"A9TZnkTtXgxVRuxxFIUHNEUFbIXCdLILpj0WqNhT6ho="},"senderSigningKey":{"public":"BbH3IusulUJecnT9FUeU6RSrybjUhawPAPEPcnrFuZpK"},"senderMessageKeys":[]},{"senderKeyId":1800079568,"senderChainKey":{"iteration":1,"seed":"QrBia4mgqb/LGgOt/h6irJAWM3LouCWUZQr+ZYTCjE8="},"senderSigningKey":{"public":"BaHObxYR1fKbwgft/TkVBn6qxbIvFdVZUejG6hU5BpEC"},"senderMessageKeys":[]}]