[{"senderKeyId":462879848,"senderChainKey":{"iteration":5,"seed":"uK8uV3hfx8wDR4FN6mjUdBRQIQHsTemLP7Bgz+cDG9g="},"senderSigningKey":{"public":"BWPOoqWjJmjq7HLLiPqqesGvPg3f1slxTVDLD33UZr1l"},"senderMessageKeys":[]},{"senderKeyId":1402728470,"senderChainKey":{"iteration":4,"seed":"WdMhPRZeK3a7qh9Ovj706EM++tLlModGuEd1M5SEPZw="},"senderSigningKey":{"public":"BQj/BxzbF7OXEdXvxvnbNHnQAFpTInQv8g9eHNdD2OFi"},"senderMessageKeys":[]},{"senderKeyId":1402728470,"senderChainKey":{"iteration":2,"seed":"ZuhgkRLuk5zILcYBoMh6iVi6Gu6lc2dsMU21g+kNTr8="},"senderSigningKey":{"public":"BQj/BxzbF7OXEdXvxvnbNHnQAFpTInQv8g9eHNdD2OFi"},"senderMessageKeys":[]},{"senderKeyId":309290592,"senderChainKey":{"iteration":77,"seed":"ijaUSITYD3sl5EK9Y4N4sC6NSDPsvt57qx6iFWEW60g="},"senderSigningKey":{"public":"BbjvNcGsQFtVutjc1xZU+WY+3xo9T8yC3218fKs1EoRm"},"senderMessageKeys":[{},{}]},{"senderKeyId":309290592,"senderChainKey":{"iteration":3,"seed":"KObVDnrIZjApD5obo2NPy16ZpikwAbufSAAckgersF0="},"senderSigningKey":{"public":"BbjvNcGsQFtVutjc1xZU+WY+3xo9T8yC3218fKs1EoRm"},"senderMessageKeys":[]}]