[{"senderKeyId":1501840940,"senderChainKey":{"iteration":85,"seed":"OtkcZO5nBsK86bqfTY8i73g/CNZXh9AFCZcpIKj2MWU="},"senderSigningKey":{"public":"BXGiG8L8Zo8vEa5NdEvlL2fe+CBxAlQJK/jTw5xHWjVJ"},"senderMessageKeys":[{},{},{},{},{}]},{"senderKeyId":1501840940,"senderChainKey":{"iteration":13,"seed":"4THmb7c5nA5ANHyJYCYv+q5lNmG9fqJCWwt3qWG3g6U="},"senderSigningKey":{"public":"BXGiG8L8Zo8vEa5NdEvlL2fe+CBxAlQJK/jTw5xHWjVJ"},"senderMessageKeys":[]},{"senderKeyId":189194091,"senderChainKey":{"iteration":226,"seed":"q4zVMc00yTExtC7gTKoTP2GoXwuPN2YNzacFqA1Ddzo="},"senderSigningKey":{"public":"BdGDEROZiMAiffj0RIRBlmmJoNhWH/S8Ya3ZxRsR6rND"},"senderMessageKeys":[{}]},{"senderKeyId":145653359,"senderChainKey":{"iteration":8,"seed":"HeoItl7kD+lCPnoRbHdNSmqK4oGmrvvwZybWoAXzgts="},"senderSigningKey":{"public":"BRAUfjbxWnDcDadGZlhLgaDghRFeAG0paszOwTesw/YO"},"senderMessageKeys":[]}]