[{"senderKeyId":48325702,"senderChainKey":{"iteration":3,"seed":"te2wWwqoiy3CA7iLLUCee2TNdyH/EGu5SNU9m69gE58="},"senderSigningKey":{"public":"BV+1buT7zpGM+ebEZAMy5qMKeOiwozU1J5G30MKOrBU3"},"senderMessageKeys":[]},{"senderKeyId":1142956980,"senderChainKey":{"iteration":1,"seed":"jdVeI/RO4yRKQy+naAvGiHD1Um12VRpQI4mJCtU/Ruc="},"senderSigningKey":{"public":"BWqSZmHqWWdQgnR3M6YHdj8wgs371SvFOBqIqMyVrBxy"},"senderMessageKeys":[]},{"senderKeyId":1491187564,"senderChainKey":{"iteration":2,"seed":"iGtw/4yTJf0iuCXhsAOEtmuNdJSun0sDmW4QBs0HyR4="},"senderSigningKey":{"public":"BaxIq1rukL7eG8DowRLorw2PzAewGbJdRmWGcNRophVZ"}}]