[{"senderKeyId":1825966774,"senderChainKey":{"iteration":27,"seed":"QS3CmmwgF1ygDYHsUnuhKPnsjyqOXRiSPWge0N5Vzhw="},"senderSigningKey":{"public":"BaHOxpqVOBSJDRydB41KP8nCtSThNsSINLNL7V6dlU4o"},"senderMessageKeys":[]},{"senderKeyId":1825966774,"senderChainKey":{"iteration":1,"seed":"ARHEk/nv7YfMW4gcvkzIHJYY8dakFYxC5gepNiF4vP8="},"senderSigningKey":{"public":"BaHOxpqVOBSJDRydB41KP8nCtSThNsSINLNL7V6dlU4o"},"senderMessageKeys":[]},{"senderKeyId":1825966774,"senderChainKey":{"iteration":20,"seed":"ZKxALCCH3aEiwO1WePA/1LllrPlIrBLRIcG84H+xxSw="},"senderSigningKey":{"public":"BaHOxpqVOBSJDRydB41KP8nCtSThNsSINLNL7V6dlU4o"},"senderMessageKeys":[]}]