[{"senderKeyId":1999020019,"senderChainKey":{"iteration":6,"seed":"3/8h1GemWGnBSZ8cfz9RMBIBBlQYoAo1k3NI/YEViXI="},"senderSigningKey":{"public":"BUxg6z83+M0ZkpWY6FCR9HMy42IqcwAY/ijwDc931xFF"},"senderMessageKeys":[]},{"senderKeyId":1145221822,"senderChainKey":{"iteration":1,"seed":"Rn7d9C//zT4Zb+lDMTFSIeeWuZdEIA8yl+dNCIsNb6U="},"senderSigningKey":{"public":"BSe1UTcLgmyLZXMTP4rnGMkUmc7rBSQ+cRtxtztKjE0Y"},"senderMessageKeys":[]},{"senderKeyId":262079803,"senderChainKey":{"iteration":4,"seed":"GZvb7hxepGXOzfhVQfN4msbCvIddCmkGxuHUmvbGCDI="},"senderSigningKey":{"public":"BYV7EsLpihM80a58zXEKNHFM+69FxEKNG7x7nW04PT4z"},"senderMessageKeys":[{}]}]