[{"senderKeyId":1229488617,"senderChainKey":{"iteration":1,"seed":"zx0T63yC7/9UBj440Q4EBusbM5G16UI2lvLWGEH/Bjo="},"senderSigningKey":{"public":"Bc4/70JZ/N3RguVv2aFZYIA5pyxXUIVAUTz58A89PdcP"},"senderMessageKeys":[]},{"senderKeyId":1229488617,"senderChainKey":{"iteration":5,"seed":"HFasPsl4NKfp2f8p9htaJ7RogLMkTlb6vhgsv6iBFz4="},"senderSigningKey":{"public":"Bc4/70JZ/N3RguVv2aFZYIA5pyxXUIVAUTz58A89PdcP"},"senderMessageKeys":[]},{"senderKeyId":1229488617,"senderChainKey":{"iteration":28,"seed":"WvPjXAlpQF84E2tN2ARvuLR/WGiOxQoXUYvp7rG2WCA="},"senderSigningKey":{"public":"Bc4/70JZ/N3RguVv2aFZYIA5pyxXUIVAUTz58A89PdcP"},"senderMessageKeys":[]},{"senderKeyId":1689573825,"senderChainKey":{"iteration":1,"seed":"zD85ehg0Q7YGyI5G0Fs/3OiYU06HCOV1n6ZhNndvAeU="},"senderSigningKey":{"public":"BXQZ4+Ica4qyZRPjHnBBeEmi2RDgZsLVjdzasGzSYiwO"},"senderMessageKeys":[]},{"senderKeyId":1037628479,"senderChainKey":{"iteration":6,"seed":"fEs+kj3gJuSNeXbwKUFNrlTc5zQrAzrYjcpgcg+x1Ac="},"senderSigningKey":{"public":"BQWKUbeaaOISkfPSmQyr8Px7JYtohcGxsMNCeHydR8oU"},"senderMessageKeys":[]}]