[{"senderKeyId":74710510,"senderChainKey":{"iteration":1,"seed":"AeumSosbucMG3UaVDvVGeZYxzSbzT7mXbWLyzkSOLU4="},"senderSigningKey":{"public":"BexlII9yijjfadi4LLUp0J1mM3QaaJdOZ6C+fqJswV5P"},"senderMessageKeys":[]},{"senderKeyId":1892124603,"senderChainKey":{"iteration":8,"seed":"Y5zlzYXyQT9vMKOR8wkInlC2yx9f3AjALngvmX1sfCs="},"senderSigningKey":{"public":"Be3QZ9kh3WE2DPd/sAEPfelyOE9DPVdIZ5lrP4fdjchS"},"senderMessageKeys":[]},{"senderKeyId":1892124603,"senderChainKey":{"iteration":4,"seed":"wODFbTsCrPnYrueEHAjvjcWcfN2cAcH5AiSxktmkAT0="},"senderSigningKey":{"public":"Be3QZ9kh3WE2DPd/sAEPfelyOE9DPVdIZ5lrP4fdjchS"},"senderMessageKeys":[]},{"senderKeyId":650759109,"senderChainKey":{"iteration":7,"seed":"KmEmFFWjQtJ40u1fmuyTCAagLXsc3ITCmnQP59GCmi8="},"senderSigningKey":{"public":"BVg62ooyFztjxkrdpIcSKQ8ZOSqWmcgq8V7lhz61pQpu"},"senderMessageKeys":[]}]