[{"senderKeyId":1654696288,"senderChainKey":{"iteration":141,"seed":"SOEi88NIW1K7LZ38JVN0dfWF/JgM7UNHhhW2O+Z9KDU="},"senderSigningKey":{"public":"BaW2kkCAfrkZhyWB8uTIDXKv+e+R8iYq7SBAArR7azpE"},"senderMessageKeys":[{},{},{},{},{},{},{},{},{},{},{},{},{},{},{},{},{},{},{},{},{},{},{},{},{},{},{},{},{},{},{},{},{},{},{},{},{},{},{},{},{},{}]},{"senderKeyId":1654696288,"senderChainKey":{"iteration":129,"seed":"4+HGfePdqGwAN70nf971ySPd3gDXlxluK2rKRNHEEvM="},"senderSigningKey":{"public":"BaW2kkCAfrkZhyWB8uTIDXKv+e+R8iYq7SBAArR7azpE"},"senderMessageKeys":[]},{"senderKeyId":1654696288,"senderChainKey":{"iteration":131,"seed":"SBdcunL2iDIPy7OsVBMoghhuAqU5jyfxX7LzxWlYNhc="},"senderSigningKey":{"public":"BaW2kkCAfrkZhyWB8uTIDXKv+e+R8iYq7SBAArR7azpE"},"senderMessageKeys":[]},{"senderKeyId":1654696288,"senderChainKey":{"iteration":135,"seed":"xVlb+zpHG3jTMUhmtr9icuRC0xh4+4Sf1qmjdi7d8ek="},"senderSigningKey":{"public":"BaW2kkCAfrkZhyWB8uTIDXKv+e+R8iYq7SBAArR7azpE"},"senderMessageKeys":[]},{"senderKeyId":1654696288,"senderChainKey":{"iteration":137,"seed":"1yML6cfGcNLUI4c1/cFQ5lZQWBa2KlyCZRa08ADmDVc="},"senderSigningKey":{"public":"BaW2kkCAfrkZhyWB8uTIDXKv+e+R8iYq7SBAArR7azpE"},"senderMessageKeys":[]}]