[{"senderKeyId":1154941308,"senderChainKey":{"iteration":193,"seed":"2w+m6CtdzQGosV9lyUGdj/KGad0vITSG/PcD3LJPdLw="},"senderSigningKey":{"public":"Bf9HrDAawz0wuqUQNZPreBz9Jl1IyKFWoopuXQlegXJn"},"senderMessageKeys":[{},{},{},{},{},{},{},{},{},{},{},{},{},{},{},{},{},{},{},{},{},{},{},{},{},{},{},{},{},{},{},{},{},{},{},{},{},{},{},{},{},{},{},{},{},{},{},{},{},{},{},{},{},{},{},{},{},{},{},{},{},{},{},{},{},{},{},{},{},{},{},{},{},{},{},{},{},{},{},{},{},{},{},{},{},{},{},{},{},{},{},{},{},{},{},{},{}]},{"senderKeyId":1154941308,"senderChainKey":{"iteration":1,"seed":"BjM1Zu6akm0rH8N9CthseJ+IaNECU3IrBph2rrhnU7Q="},"senderSigningKey":{"public":"Bf9HrDAawz0wuqUQNZPreBz9Jl1IyKFWoopuXQlegXJn"},"senderMessageKeys":[]},{"senderKeyId":1154941308,"senderChainKey":{"iteration":7,"seed":"JuLDMvsm+oCCuaDU4a+rGG3Z3s4+Qo1TJg5NpGV1nOc="},"senderSigningKey":{"public":"Bf9HrDAawz0wuqUQNZPreBz9Jl1IyKFWoopuXQlegXJn"},"senderMessageKeys":[]},{"senderKeyId":1154941308,"senderChainKey":{"iteration":127,"seed":"246LL2M7CRwEO65DDUVumsBthwYj3VfCYLLfqBFNqUg="},"senderSigningKey":{"public":"Bf9HrDAawz0wuqUQNZPreBz9Jl1IyKFWoopuXQlegXJn"},"senderMessageKeys":[]}]