[{"senderKeyId":950285921,"senderChainKey":{"iteration":27,"seed":"4QGB3ud86mMHbh+SIaBT5jRwZZdUn/InEuHNa2MzS4Y="},"senderSigningKey":{"public":"BYYK/STgWeAkPurOpaak4vKAiufpFLhgL8w17x66rvFy"},"senderMessageKeys":[{}]},{"senderKeyId":950285921,"senderChainKey":{"iteration":14,"seed":"z5RLPy3hskRY+WHc1qbJw9qAFfu9GALwzRB/5wswcGU="},"senderSigningKey":{"public":"BYYK/STgWeAkPurOpaak4vKAiufpFLhgL8w17x66rvFy"},"senderMessageKeys":[]},{"senderKeyId":1342279837,"senderChainKey":{"iteration":11,"seed":"rh7+K2C3B2A47kZjaIZN3Wa1FEvCREnjTQVymA+3GL8="},"senderSigningKey":{"public":"BVIenargP7r5qAVEFa/gzQlN7Nx2vbcMgaDXjg6SSi5k"},"senderMessageKeys":[]},{"senderKeyId":1528146334,"senderChainKey":{"iteration":101,"seed":"OsXp9qov157GgSJb/VSBtP+rVwmwS3ePV6zzQ2ZCyqo="},"senderSigningKey":{"public":"Bf8hPz7hTmTelbKU1EFWPVH74gWn5YH9FuyWCrKAILow"},"senderMessageKeys":[]},{"senderKeyId":1528146334,"senderChainKey":{"iteration":3,"seed":"kEnaTh9Hqn5GIgqK6P9ByJNzc1eaPvknhCm7Y4K5qIg="},"senderSigningKey":{"public":"Bf8hPz7hTmTelbKU1EFWPVH74gWn5YH9FuyWCrKAILow"},"senderMessageKeys":[]}]