[{"senderKeyId":459313534,"senderChainKey":{"iteration":2,"seed":"MpKu3EzGfULjYesGZD7te2UG0fSyftecv3A+7Ust5mU="},"senderSigningKey":{"public":"BXF6vcRW/X++T0U+lxw7TK4PyeEki2HXqwqV3zcJKKFL"},"senderMessageKeys":[]},{"senderKeyId":173951927,"senderChainKey":{"iteration":1,"seed":"zNbP0EP9jSpRY5wXpO6yVG4k14cu8JLQo+VGVd612x0="},"senderSigningKey":{"public":"BR2E7BT5o+FqZ/7WeLnOqLEWHLs0TZ4OruSxP0MUP6kj"},"senderMessageKeys":[]},{"senderKeyId":2040049692,"senderChainKey":{"iteration":7,"seed":"U41Qsx87Nu1BGc0u9DSRpkY0AcdMfLXQxLaJWxzGO6Y="},"senderSigningKey":{"public":"BcPwC+O27lhBp1nAWTDK16crt+sgiJW50utPcRucn8Aa"},"senderMessageKeys":[]},{"senderKeyId":1285636683,"senderChainKey":{"iteration":20,"seed":"NCQ8nCDtRsgmRChPx2BzJR2e1zPSp+jPeETbu92Aq8A="},"senderSigningKey":{"public":"Be4+Hq6yuWpayWQJpUw07sDEMun48Z7iw9EjZtIsoB9r"},"senderMessageKeys":[]},{"senderKeyId":402235603,"senderChainKey":{"iteration":6,"seed":"R3PY0JHQlkeNXJ81BWdm0B4JaTnHEp5rNWgNhBO+xSc="},"senderSigningKey":{"public":"BeHIUmwreZJ992unGX/+f3Hv6CCzqtZhos5/5olp+x4H"},"senderMessageKeys":[]}]