[{"senderKeyId":61587328,"senderChainKey":{"iteration":46,"seed":"okpyPhYmAiJMFYriKgV6t9b9P5F1Wac5mxXNEK+hfZ4="},"senderSigningKey":{"public":"BSj1KcZyvznVj2QTo4CWfWyOmCCQ64N7gGqbzkQ/MHx6"},"senderMessageKeys":[]},{"senderKeyId":796952913,"senderChainKey":{"iteration":7,"seed":"UHD3dAToH5U4SPn1LD1IiDKDePGR1chDhm6yiwElF80="},"senderSigningKey":{"public":"BasURsbeAXcxiiG11kENkj2xOd6R+gBfXDvKWzSFn0wP"},"senderMessageKeys":[]},{"senderKeyId":796952913,"senderChainKey":{"iteration":5,"seed":"bR7dmhPNFJW9PjcwWkJ5F+p12v8wuDur7XQIm+wdwkA="},"senderSigningKey":{"public":"BasURsbeAXcxiiG11kENkj2xOd6R+gBfXDvKWzSFn0wP"},"senderMessageKeys":[]},{"senderKeyId":796952913,"senderChainKey":{"iteration":6,"seed":"CR39DjjN82RGpOofIDRbaep4cb/K5U0IOcNqy1S5CvA="},"senderSigningKey":{"public":"BasURsbeAXcxiiG11kENkj2xOd6R+gBfXDvKWzSFn0wP"},"senderMessageKeys":[]},{"senderKeyId":1717454198,"senderChainKey":{"iteration":12,"seed":"boIb2cxj77dvYTYV21AvSlzEAiCxHlKUf8glg7iIv8M="},"senderSigningKey":{"public":"BTv4Jbef1mZALEfbvnQQ9w8EC+E9xV2b9DWaG2gzGw8I"},"senderMessageKeys":[]}]