[{"senderKeyId":881206981,"senderChainKey":{"iteration":43,"seed":"eOAVpXPBCGt9Z6duC4MB6jBWVTRnRylSrwX5fu2ZUUc="},"senderSigningKey":{"public":"BWlPu/RLmr0n+kyz2U7kkrAXxpT88PItki0LVnw4xFZ5"},"senderMessageKeys":[]},{"senderKeyId":1440312347,"senderChainKey":{"iteration":9,"seed":"EEKA47PWjKF1KHfqBO99HsOLrfvZbTyYJpj0TZ+qekc="},"senderSigningKey":{"public":"BSiqmetva1VCw3sfC8KcA+moXuXgR+WK3XwlYsYq7uo9"},"senderMessageKeys":[]},{"senderKeyId":975499164,"senderChainKey":{"iteration":22,"seed":"vZWwjikbom7krmjCL0vX2GKl4XuX/Kx/8PiJgM/hwQE="},"senderSigningKey":{"public":"BVSs7T7LjZalRmp8t0hifpcaUhbJw1vYQ/zHiH8JM98n"},"senderMessageKeys":[]}]