[{"senderKeyId":1693994393,"senderChainKey":{"iteration":33,"seed":"LpdLISwVup8tliHm2fsOdRRVnWr+h4lCYFyYPVsddLo="},"senderSigningKey":{"public":"BXFZR0XE4T8L2FXPSSdC+oFIPxonZh0g0uSWsKhaeKcR"},"senderMessageKeys":[]},{"senderKeyId":1985869179,"senderChainKey":{"iteration":1,"seed":"OSuVNZM4LzWsd7t771yTQz6h1kbJYd3KmdqQuFNZ6QY="},"senderSigningKey":{"public":"BV030qYgKeRtCqH4OihdDW/RjUFRmP/lBx3vYXAwLKdh"},"senderMessageKeys":[]},{"senderKeyId":1783079399,"senderChainKey":{"iteration":11,"seed":"YUbIvqnBunECn3X5mzNOfKJMhaQKixV3lF9H5v8AW6E="},"senderSigningKey":{"public":"BczJvHUrcLTNP5hooRNEu/x+5zkfqW/hAGDUcF7wFd4+"},"senderMessageKeys":[]},{"senderKeyId":1783079399,"senderChainKey":{"iteration":7,"seed":"6JP2nVIoP7rM6NrJmAaJdcVqbDaoPW16ok+0MfyU8cA="},"senderSigningKey":{"public":"BczJvHUrcLTNP5hooRNEu/x+5zkfqW/hAGDUcF7wFd4+"},"senderMessageKeys":[]},{"senderKeyId":1783079399,"senderChainKey":{"iteration":9,"seed":"voQYUe5WaGZt7ttpFALkgF0w6QbYz1LYkHWkqyPcelw="},"senderSigningKey":{"public":"BczJvHUrcLTNP5hooRNEu/x+5zkfqW/hAGDUcF7wFd4+"},"senderMessageKeys":[]}]