[{"senderKeyId":2063743619,"senderChainKey":{"iteration":10,"seed":"xWhrAy+4C7ZfzTg71AlH9lmYcb97i4pBmHfST/kTDlM="},"senderSigningKey":{"public":"BUL92/UlvFLgRf62AJwPfo6Cm4ylSX5e/8mq4aNazFMS"},"senderMessageKeys":[]},{"senderKeyId":1928256860,"senderChainKey":{"iteration":2,"seed":"mPT95X2iOqLblfMeBatEynOoTeljqW8vSoN+tfN8evo="},"senderSigningKey":{"public":"BXPR/VQv5RY3P7kjVF4izlL0n+Sqerjrzy6qh5ZhmBRK"},"senderMessageKeys":[]},{"senderKeyId":375751289,"senderChainKey":{"iteration":1,"seed":"kWO+aOSeHMfdPZnz/OPhRvye/r94Ewf0MtpwrFr+eMc="},"senderSigningKey":{"public":"BQYli935s3MZktnVLdUkEEG2czOKdzYYy2xYGT3ExpUG"},"senderMessageKeys":[]},{"senderKeyId":887236721,"senderChainKey":{"iteration":1,"seed":"lAzG8jsmnTr7cjh3kI6tEZEqyiHM1Fh3KgZK98+kD0I="},"senderSigningKey":{"public":"BXFP7fLXqSV7ukzSudM/tZn6CN+k1u524Gnr8Gz1wt5/"},"senderMessageKeys":[]}]