[{"senderKeyId":250614012,"senderChainKey":{"iteration":4,"seed":"B6cAxw3BuUI6Wv4rHdIw9rDzam4yRR817KuYit734TI="},"senderSigningKey":{"public":"Bb0zT9fmpPcKDoDlMCxiNXWX3gJbdADuZsWy2xtqW8cr"},"senderMessageKeys":[]},{"senderKeyId":250614012,"senderChainKey":{"iteration":3,"seed":"ecM4iQXZjlQDZLftDSQCI1zzSDRDLxx4+b2rEPadqC8="},"senderSigningKey":{"public":"Bb0zT9fmpPcKDoDlMCxiNXWX3gJbdADuZsWy2xtqW8cr"},"senderMessageKeys":[]},{"senderKeyId":2008852700,"senderChainKey":{"iteration":3,"seed":"DvLWdxZYN5P7I6vTyem+w/yY6nogz0ekI1iQDlC7a8Y="},"senderSigningKey":{"public":"BSlFEn4PO5tvqYWtltXBcIgJ4fcNPv6bBCrvLsnXhf0f"},"senderMessageKeys":[]},{"senderKeyId":1828319848,"senderChainKey":{"iteration":16,"seed":"hsScQk4Ve903vvz+Ulr1ix9WHAGFS+F1e36JWCEeI/0="},"senderSigningKey":{"public":"BZyecTcCcEGjkqRTDheYvzDbfjCreQFGKUY5k90ztJFK"},"senderMessageKeys":[]},{"senderKeyId":1828319848,"senderChainKey":{"iteration":12,"seed":"M+6rS82S7NFYb9JvKLBaatwQWgC6O/bx5g1ToLG6Oh0="},"senderSigningKey":{"public":"BZyecTcCcEGjkqRTDheYvzDbfjCreQFGKUY5k90ztJFK"},"senderMessageKeys":[]}]