[{"senderKeyId":526640525,"senderChainKey":{"iteration":12,"seed":"w/BtYg0U8gd7IRvHg/gLJTY0K4CEkz18WNBugns4Bfk="},"senderSigningKey":{"public":"Bb+1xPtCZ6SAp4cA/gZjfy3rxVr2c+DIYL+CMTxlo+0n"},"senderMessageKeys":[]},{"senderKeyId":158458470,"senderChainKey":{"iteration":50,"seed":"wF9zCQI6AZlW6wHrgkgc1B7UC7aCXGjiBC9iX4zzwew="},"senderSigningKey":{"public":"BVAizj79aCBZ4mqH9GOHTNUefTsRzD/Gt5kY/Dl4pyNe"},"senderMessageKeys":[{},{},{},{},{},{},{},{},{}]},{"senderKeyId":158458470,"senderChainKey":{"iteration":1,"seed":"cABRfE6Y2JD9SCNO0sig234XjofBZFKuf8q/cZm1PBc="},"senderSigningKey":{"public":"BVAizj79aCBZ4mqH9GOHTNUefTsRzD/Gt5kY/Dl4pyNe"},"senderMessageKeys":[]}]