[{"senderKeyId":1476699770,"senderChainKey":{"iteration":3,"seed":"pMD9mkELA4lqRkIq0qsDwjl3Yf55wCywqwUrVkAncLM="},"senderSigningKey":{"public":"BZIhAG0Cgj6uAPel9AqLnX+78pEblmJsHhhy4zjqM1RS"},"senderMessageKeys":[]},{"senderKeyId":765137182,"senderChainKey":{"iteration":14,"seed":"oShHAG5s6KdoFAJyzem0v/6AJuzZ7D0C+xS1K6kwGd4="},"senderSigningKey":{"public":"BWVj4+H9Fp7Lq1KN3PpQTCacxawQyl+ZGq0/9NJvPAx5"},"senderMessageKeys":[]},{"senderKeyId":765137182,"senderChainKey":{"iteration":12,"seed":"6/3+mSjXdq1LcpWV4p7up8UFndfPyWK8GsXH3rdH/j8="},"senderSigningKey":{"public":"BWVj4+H9Fp7Lq1KN3PpQTCacxawQyl+ZGq0/9NJvPAx5"},"senderMessageKeys":[]},{"senderKeyId":1771352017,"senderChainKey":{"iteration":2,"seed":"QdMnixd84WS8rWLx/jGUC0aYzMdAX4MsGUBd7a4Eyw8="},"senderSigningKey":{"public":"BUF0J/cquXju9H4UgOpZasc+znX8GixawAJ6cO89oUIW"},"senderMessageKeys":[]},{"senderKeyId":1771352017,"senderChainKey":{"iteration":1,"seed":"sr1b0+GEFYjVCgEE0ueKekfTQyIRH5+uME8vmBTTeDU="},"senderSigningKey":{"public":"BUF0J/cquXju9H4UgOpZasc+znX8GixawAJ6cO89oUIW"},"senderMessageKeys":[]}]