[{"senderKeyId":630906542,"senderChainKey":{"iteration":11,"seed":"52myQTC1TndEBOrx4+OsR5BUpvPpzbaSrcFrb+SC/+o="},"senderSigningKey":{"public":"Bary2y8mafZpbrzHRFX1CNHjsrYjW2vHNFHB6sVnRQkJ"},"senderMessageKeys":[]},{"senderKeyId":1848410519,"senderChainKey":{"iteration":15,"seed":"tZvHBmUHJ2IMGfJk7My3DUb3nLCZ5fM9z6EsIBY4e+0="},"senderSigningKey":{"public":"BeOT3h5bNmc6H5jNOVBw38vRrvarwev/HB5Dvuk1adJJ"},"senderMessageKeys":[]},{"senderKeyId":1848410519,"senderChainKey":{"iteration":5,"seed":"TNMcN+km9EyIhRHKUtWdKfIu0PMpcEMNXVHmZqpctJQ="},"senderSigningKey":{"public":"BeOT3h5bNmc6H5jNOVBw38vRrvarwev/HB5Dvuk1adJJ"},"senderMessageKeys":[]},{"senderKeyId":1848410519,"senderChainKey":{"iteration":10,"seed":"tmX/Vhvu9nxURpZCvE1CUb9HQajnL7GEZ/LEMYKm75E="},"senderSigningKey":{"public":"BeOT3h5bNmc6H5jNOVBw38vRrvarwev/HB5Dvuk1adJJ"},"senderMessageKeys":[]}]