[{"senderKeyId":1761098972,"senderChainKey":{"iteration":1,"seed":"g0KTFvmSEXGfbYn4KFZ1T+ezt9qouySBxEvRuh9Qwmk="},"senderSigningKey":{"public":"BXYzcWYNyMHVV0bx4uePNvl1c9WVNWbdM4MSCX5WNXxz"},"senderMessageKeys":[]},{"senderKeyId":1044278899,"senderChainKey":{"iteration":1,"seed":"oBMgTBVXhuzO1oK68GzunnGluoajl7tnnlc2PGecMQE="},"senderSigningKey":{"public":"BTgil1stsf7ksp3m49piTRPvP8xHThciRjDmgK292WRm"},"senderMessageKeys":[]},{"senderKeyId":183952653,"senderChainKey":{"iteration":62,"seed":"+tK+WfcdCMFnqfdQSGbIvW5JA/4+HzFiuZg1b0/iuHk="},"senderSigningKey":{"public":"BXDuZ+qukqcRC8xK0RdE+uyrDraTTKEvAC6VUXqxckMY"},"senderMessageKeys":[{}]},{"senderKeyId":1029153018,"senderChainKey":{"iteration":2,"seed":"ze/R+ixpOlkBUMdnhLvElwkRQVQJzi9GRF/WfIKlcCo="},"senderSigningKey":{"public":"BZGi7NQopQXzTKT7FdsOESZoBkKcAe3tWOP4YI4SWiQ7"},"senderMessageKeys":[]},{"senderKeyId":1904355062,"senderChainKey":{"iteration":2,"seed":"NMfzU5VUJzj2MzMDcbZG62tTa4CslPQwsmpuZFhOE5g="},"senderSigningKey":{"public":"BWzCLLwzVYKUVm0dzljMHtbhOCgOVjQSJZwtvK/tZBdY"},"senderMessageKeys":[]}]