[{"senderKeyId":1000145480,"senderChainKey":{"iteration":1797,"seed":"ls0TZ2oPmVCStQo8vI9tfGxODSXfh4fmioRXQsrksmY="},"senderSigningKey":{"public":"BcA8jhjY8a/1KZvrCsQbGA22QNWVrrHtV4gU8/Jkb9Ea"},"senderMessageKeys":[{},{},{},{},{},{},{},{},{},{},{},{},{},{},{},{},{},{},{},{},{},{},{},{},{},{},{},{},{},{},{},{},{},{}]},{"senderKeyId":1000145480,"senderChainKey":{"iteration":1731,"seed":"A5L1iQX/kj27XfyOy89mGWYGZugoJqdMBfLcnue42CI="},"senderSigningKey":{"public":"BcA8jhjY8a/1KZvrCsQbGA22QNWVrrHtV4gU8/Jkb9Ea"},"senderMessageKeys":[]},{"senderKeyId":1000145480,"senderChainKey":{"iteration":1767,"seed":"wb804MFFlc8Vvdxh9QcAMuy1w+oDak8FseTJv2Bhz+8="},"senderSigningKey":{"public":"BcA8jhjY8a/1KZvrCsQbGA22QNWVrrHtV4gU8/Jkb9Ea"},"senderMessageKeys":[]},{"senderKeyId":1000145480,"senderChainKey":{"iteration":1793,"seed":"31Dq/1fSLux+jCeRoAtbgjPGJjL0O/v6dalgUUiC85g="},"senderSigningKey":{"public":"BcA8jhjY8a/1KZvrCsQbGA22QNWVrrHtV4gU8/Jkb9Ea"},"senderMessageKeys":[]},{"senderKeyId":1000145480,"senderChainKey":{"iteration":1795,"seed":"GOl93ryOwsVZjI8bMnLg7JMFjPc06vPg52idOTXqHsg="},"senderSigningKey":{"public":"BcA8jhjY8a/1KZvrCsQbGA22QNWVrrHtV4gU8/Jkb9Ea"},"senderMessageKeys":[]}]