[{"senderKeyId":2124931048,"senderChainKey":{"iteration":7,"seed":"XfPYaME9SDyz3cnLuuu5kSatNI7sSwqD8S5ushExB/g="},"senderSigningKey":{"public":"BU/sJwD9YIeXSovXkhizylGT6swC8P2Abyr2V7LGPZJc"},"senderMessageKeys":[]},{"senderKeyId":264769811,"senderChainKey":{"iteration":2,"seed":"0xKGGnpRe9yGUvBSJ9HKTkQ5l2WGMlyUgZEnddXMhec="},"senderSigningKey":{"public":"BXWKPR11QeI4uUNNtR33MUh4cPSDzZsGyX/TORQ5QfMi"},"senderMessageKeys":[]},{"senderKeyId":1026309306,"senderChainKey":{"iteration":46,"seed":"TuFJM3olZ9ZimIDz63td0Pr/tPu/2LD4lF7+YWOucj8="},"senderSigningKey":{"public":"BXkK3Qusq5R1F5U9WuxPenZDDaWgMRqzbQ870zxBhphM"},"senderMessageKeys":[{},{}]},{"senderKeyId":1026309306,"senderChainKey":{"iteration":14,"seed":"XGdMgTGQ2WlljEjaBiNvpOyaEBxtbCxnxMcSKw2jG3E="},"senderSigningKey":{"public":"BXkK3Qusq5R1F5U9WuxPenZDDaWgMRqzbQ870zxBhphM"},"senderMessageKeys":[]},{"senderKeyId":1781566424,"senderChainKey":{"iteration":6,"seed":"A/actO+HGzDM08ySV9+Bx3gngkNgjnj/Aol7UlAQ0z4="},"senderSigningKey":{"public":"BS6SxWGz/0HUwCGBHvFZMKwsT7FYafmGS8KMhdaRz1xi"},"senderMessageKeys":[]}]