[{"senderKeyId":1417741987,"senderChainKey":{"iteration":15,"seed":"1sxVokTvTXT4O9z7OVMrlhnmFdvsHZwXfkrWrTPWYEY="},"senderSigningKey":{"public":"BQDcx7gdUwIqYHCS3T4AooymgYQNttsKGsdHNruMDUAc"},"senderMessageKeys":[]},{"senderKeyId":1808570699,"senderChainKey":{"iteration":23,"seed":"AjNUBMw1Ay7sRazGC5p3PDpssIjAakZ2pPRpof6qSUQ="},"senderSigningKey":{"public":"BeeyjKo+4fQIFC5nZlDtL3Zy9Hiw+tDS9d+3b9BTq4gH"},"senderMessageKeys":[]},{"senderKeyId":1808570699,"senderChainKey":{"iteration":12,"seed":"Z0WK8/JKej8AyK1ikfSUDv5e52aJH26nbK3evTvEL80="},"senderSigningKey":{"public":"BeeyjKo+4fQIFC5nZlDtL3Zy9Hiw+tDS9d+3b9BTq4gH"},"senderMessageKeys":[]},{"senderKeyId":1262960529,"senderChainKey":{"iteration":4,"seed":"jf/uYLwDgsKXIUnsYHiGWmNGqGOjPg6PRFhao5nMDtg="},"senderSigningKey":{"public":"Bf5WGqI9Yc6QVY1/mkpXLb7LdzfkGag1ZzDG0mwdYS8e"},"senderMessageKeys":[]},{"senderKeyId":1262960529,"senderChainKey":{"iteration":2,"seed":"noC6x9flS3DWVATl/ubYGDWwcuuQIqn7hf2qbID1EJ4="},"senderSigningKey":{"public":"Bf5WGqI9Yc6QVY1/mkpXLb7LdzfkGag1ZzDG0mwdYS8e"},"senderMessageKeys":[]}]