[{"senderKeyId":616440188,"senderChainKey":{"iteration":87,"seed":"y3Ko3fMYZikQPqcTnOZhyb3pjxYuJeGUqVwjnbqafPI="},"senderSigningKey":{"public":"BVc94ohUu1+/zeykD3jQL/s+OjNzmmjre331XMjvZO9N"},"senderMessageKeys":[{},{},{},{},{},{},{},{},{},{},{}]},{"senderKeyId":616440188,"senderChainKey":{"iteration":77,"seed":"m/HtKq9jAptwzyox0ecGYD1pf89BpHJkabtnEUW3ObI="},"senderSigningKey":{"public":"BVc94ohUu1+/zeykD3jQL/s+OjNzmmjre331XMjvZO9N"},"senderMessageKeys":[]},{"senderKeyId":616440188,"senderChainKey":{"iteration":81,"seed":"zTaxiyCoP2c3Yh/2nYYPRWOvMU8JRLbu/5q55+QUgiI="},"senderSigningKey":{"public":"BVc94ohUu1+/zeykD3jQL/s+OjNzmmjre331XMjvZO9N"},"senderMessageKeys":[]},{"senderKeyId":616440188,"senderChainKey":{"iteration":83,"seed":"VIcwBsSWc14pW5oWSLLQUUmIgvCv0Qf4PM1Ux0cUkKM="},"senderSigningKey":{"public":"BVc94ohUu1+/zeykD3jQL/s+OjNzmmjre331XMjvZO9N"},"senderMessageKeys":[]},{"senderKeyId":616440188,"senderChainKey":{"iteration":85,"seed":"ToVFlbs8beUSGzA1l6PGVqc3sNIB6yrbf1+up2LIZA0="},"senderSigningKey":{"public":"BVc94ohUu1+/zeykD3jQL/s+OjNzmmjre331XMjvZO9N"},"senderMessageKeys":[]}]