[{"senderKeyId":1154228650,"senderChainKey":{"iteration":20,"seed":"hH2UCY+CN3/g0anur3oawqxjEcooIrydlFqenYzoTLM="},"senderSigningKey":{"public":"BV7qySz4RFH+t+9Dxg4mCdNvtHFbV9GtMvYVUetV9FZP"},"senderMessageKeys":[]},{"senderKeyId":1046833937,"senderChainKey":{"iteration":32,"seed":"QKdRjGuoA0pCX829z9pQuYXzqpUdmRIvTU/GJYKWhEY="},"senderSigningKey":{"public":"BXjaRy8SgdEKPOB4F+uohLA7XMVxbipJfy6AQfOZaChw"},"senderMessageKeys":[]},{"senderKeyId":1149127967,"senderChainKey":{"iteration":2,"seed":"EpF9EaHa3G3U7iJsYjwxNr/lUBVbIOvWuJ576CaYKcQ="},"senderSigningKey":{"public":"BeFZfMC+YyGAwh647MgvNVjV+U+GawdhOpVnT9ftgaMP"},"senderMessageKeys":[]},{"senderKeyId":350750111,"senderChainKey":{"iteration":8,"seed":"qFvQYok4Nm/nmw6wzlTJLzmRd6siLDOjrqpTjfcxU7k="},"senderSigningKey":{"public":"BY7087Sii9Mfq6MSrdwRfPn84Pk2V+zMHE123QDbxFQD"},"senderMessageKeys":[]},{"senderKeyId":350750111,"senderChainKey":{"iteration":2,"seed":"OuzE3w05qZIL5DbSjnJ+99fN2i+hbJzIdDXf5Nl6TRI="},"senderSigningKey":{"public":"BY7087Sii9Mfq6MSrdwRfPn84Pk2V+zMHE123QDbxFQD"},"senderMessageKeys":[]}]