[{"senderKeyId":1383622890,"senderChainKey":{"iteration":12,"seed":"PPKiJ79WBl5a2olyqY0kgZN1ZXYAHe/tHwb5m5xA+tQ="},"senderSigningKey":{"public":"BXcd6Vg4OA7c9zGl+l6RgVwL8FaRJTRaa2srXb+I8/sE"},"senderMessageKeys":[]},{"senderKeyId":1383622890,"senderChainKey":{"iteration":1,"seed":"sreCskeTe+IXBctAneTdWKTC7fQuE9998F+RT73HKS8="},"senderSigningKey":{"public":"BXcd6Vg4OA7c9zGl+l6RgVwL8FaRJTRaa2srXb+I8/sE"},"senderMessageKeys":[]},{"senderKeyId":1383622890,"senderChainKey":{"iteration":10,"seed":"FSNb/S/lJuwZJc2K30uiArsmixRFPwz1u0J0XnCakQg="},"senderSigningKey":{"public":"BXcd6Vg4OA7c9zGl+l6RgVwL8FaRJTRaa2srXb+I8/sE"},"senderMessageKeys":[]}]