[{"senderKeyId":1447243504,"senderChainKey":{"iteration":8,"seed":"ZYxmUQEhy+scokw2S5CmJZVZ7oV63fYjYSyvmLRhwJY="},"senderSigningKey":{"public":"BUi92BdnURmdAIRtQPqgnQ4nHdddvSsPFaz1k8YFTYs7"},"senderMessageKeys":[]},{"senderKeyId":438102893,"senderChainKey":{"iteration":1,"seed":"bb+VaWMrR5ZM86Dd9scHFNIkMid0nDPR0S8ek/UVm4o="},"senderSigningKey":{"public":"BXFG2ZkleMUvb/QBCelVkNSmPuBgxVzINiRa4HyG5RAt"},"senderMessageKeys":[]},{"senderKeyId":1153561941,"senderChainKey":{"iteration":1,"seed":"en2xwi4xYPu1cEjWfcmCD4BQy7ei3Aa32aBnfTHLRHo="},"senderSigningKey":{"public":"Bb25ZvD3J3utQ1Qr9RRB9pXV5wQeg5ph1YrnpPHURHk7"},"senderMessageKeys":[]}]