[{"senderKeyId":1592527256,"senderChainKey":{"iteration":1,"seed":"o78fW8K1+9HX7LVkTm5dfcF5ZvPKJZ32vsjXqoAG1tg="},"senderSigningKey":{"public":"BR0eWsiCIinhwchsxmGmlEePqdVfnC0bIWGvLwvSyINy"},"senderMessageKeys":[]},{"senderKeyId":1891991814,"senderChainKey":{"iteration":2,"seed":"5v5rX/zd+76Q7L0CtBFQjQWi3AOtjVixY99svX8nANs="},"senderSigningKey":{"public":"BWlpFf7sOv+Jtgkju7I8Vk/v1MhwsMj/Z0DgvpE2pLsW"},"senderMessageKeys":[]},{"senderKeyId":215480652,"senderChainKey":{"iteration":32,"seed":"Dy+U2192aY4zBKCme0lc0BXO6FzxZf49GTydOyYLhc8="},"senderSigningKey":{"public":"BRbfoxt/f+lzYuLgGZWXyypffNlLg1cp7T0Q6dip8a8y"},"senderMessageKeys":[]},{"senderKeyId":808621703,"senderChainKey":{"iteration":205,"seed":"IFU+CLFGuTaWwwfND2OdkGfRzI2fyBao7/3ThnAtvuQ="},"senderSigningKey":{"public":"BawVSvwBcqkNzotRIyDC2y/OLmxKDLhh7Fn7hcpO3AJG"},"senderMessageKeys":[]},{"senderKeyId":1946062354,"senderChainKey":{"iteration":84,"seed":"nzGJo6Ize9Qh2FTnACwVeoe4tdjw3C6GuPZd4W0v27Y="},"senderSigningKey":{"public":"BUjIGhcEgUm+ZLXUYsXu5xoEZc4Am4sqbeVc8drHzTYZ"},"senderMessageKeys":[]}]