[{"senderKeyId":1916325662,"senderChainKey":{"iteration":139,"seed":"Fz4aeUVfZj3dbBcNzZGLpsSnqJtWzFZPjnggjvhKeR0="},"senderSigningKey":{"public":"BZ3o9ViXqbP4Yt3PUQGmrobeEtEkPCT3zjpsljojavpx"},"senderMessageKeys":[]},{"senderKeyId":1916325662,"senderChainKey":{"iteration":3,"seed":"F/SgADFErK/3xl/wmrIsWm05/OaCEH34vC+jkxVEzoA="},"senderSigningKey":{"public":"BZ3o9ViXqbP4Yt3PUQGmrobeEtEkPCT3zjpsljojavpx"},"senderMessageKeys":[]},{"senderKeyId":1916325662,"senderChainKey":{"iteration":78,"seed":"BCLT5poVn6rqWk4OQwNIfrCPzXP+npPmh7n0JPkrtUs="},"senderSigningKey":{"public":"BZ3o9ViXqbP4Yt3PUQGmrobeEtEkPCT3zjpsljojavpx"},"senderMessageKeys":[]},{"senderKeyId":1916325662,"senderChainKey":{"iteration":104,"seed":"M7FQs9DGKwjwvDB+4S5f66FzoggJzJhqwu1/VO3JSFw="},"senderSigningKey":{"public":"BZ3o9ViXqbP4Yt3PUQGmrobeEtEkPCT3zjpsljojavpx"},"senderMessageKeys":[]}]