[{"senderKeyId":378104538,"senderChainKey":{"iteration":4,"seed":"1LwW/aI7+RWf+SY6+m8leL5KBdIl3t7X/QzVR1LpLaE="},"senderSigningKey":{"public":"BfQaWTmtKONbEykC2r9AX946thfDKjBG/OW13vabJuox"},"senderMessageKeys":[]},{"senderKeyId":1782756587,"senderChainKey":{"iteration":20,"seed":"g4ImBkNGH6eEVkbKigK813iO10YjyHzptZmBJaMe28w="},"senderSigningKey":{"public":"BWhQWfRUTdP3Ecnfv3HQvGdr/KbcOvhNGuYNc7vrZtlp"},"senderMessageKeys":[]},{"senderKeyId":1782756587,"senderChainKey":{"iteration":2,"seed":"dpAPpqqPMp4j9p/zPaD/iq5oq2D6WPI0WuqP5DKE1C4="},"senderSigningKey":{"public":"BWhQWfRUTdP3Ecnfv3HQvGdr/KbcOvhNGuYNc7vrZtlp"},"senderMessageKeys":[]},{"senderKeyId":1782756587,"senderChainKey":{"iteration":3,"seed":"4+wYizkiqy8QUQBpUCCOqvQcQCKowrn3WDg8v6Cq0Fw="},"senderSigningKey":{"public":"BWhQWfRUTdP3Ecnfv3HQvGdr/KbcOvhNGuYNc7vrZtlp"},"senderMessageKeys":[]},{"senderKeyId":37471088,"senderChainKey":{"iteration":13,"seed":"L8qux3xO+4+qI34D8GRacViNKozGPWUViqvkF22tP0A="},"senderSigningKey":{"public":"BdboH4CtJoxuh/CDzPRV1/B99mk20fSPz2YT1u4uHTJQ"},"senderMessageKeys":[]}]