[{"senderKeyId":398785112,"senderChainKey":{"iteration":1,"seed":"PKJduZs8y/CyOzcb2rLLi/a2nIqzYlcCznd/V5iD5RE="},"senderSigningKey":{"public":"BTdCtBo2lPxcXDA2CQC8Py7xKv7l2kHjU6ZxtPFsSndB"},"senderMessageKeys":[]},{"senderKeyId":601500287,"senderChainKey":{"iteration":9,"seed":"qXf5nFsaKM2l9S52+VbRY1Mzx3avDo92d5IBxOASL5Q="},"senderSigningKey":{"public":"BebRkfSB9SKyBV2bKyBRAvZ/Ucu1SfilqCCj+O8WmgRe"},"senderMessageKeys":[]},{"senderKeyId":22563553,"senderChainKey":{"iteration":61,"seed":"qp1RYYaUps6Ubq353V630G4rBL4jMmdrTJ9EmkhDKBU="},"senderSigningKey":{"public":"BcVabKRIUXBn2YZ4Eo5JgQwo/fshgYLXLrYg3x+f9REN"},"senderMessageKeys":[]},{"senderKeyId":22563553,"senderChainKey":{"iteration":57,"seed":"McyyrnMKQucnhHqUy01hQiSeQUlEuQtCK8nuAZbUgiQ="},"senderSigningKey":{"public":"BcVabKRIUXBn2YZ4Eo5JgQwo/fshgYLXLrYg3x+f9REN"},"senderMessageKeys":[]},{"senderKeyId":22563553,"senderChainKey":{"iteration":60,"seed":"hagc2yO9N8prcipuRsdmEQ0F1xDuvdO1mMKK44qjGmI="},"senderSigningKey":{"public":"BcVabKRIUXBn2YZ4Eo5JgQwo/fshgYLXLrYg3x+f9REN"},"senderMessageKeys":[]}]