[{"senderKeyId":960962429,"senderChainKey":{"iteration":11,"seed":"0XbkMDbwCTQNa1rqtHzIQYZa6Mq5VdgmCzLDdebeZwo="},"senderSigningKey":{"public":"BbVdVTIX1RWJIGZWIDZbCGhl7Ornu6AdXugYWZTrMjMd"},"senderMessageKeys":[]},{"senderKeyId":170996697,"senderChainKey":{"iteration":1,"seed":"WtKMooDj8lmi2SqhceK//5/qkFb9LjxkR/JmcvtyQpo="},"senderSigningKey":{"public":"Bd+HHtXFRodZ/D+gBKN9N+nmu+rfxmPjtTvCIR579tJx"},"senderMessageKeys":[]},{"senderKeyId":1886385954,"senderChainKey":{"iteration":7,"seed":"b1gp+327Tz9FcG/HLUNoPUCbehbkQNvDAy72UfPmeAI="},"senderSigningKey":{"public":"BQp2vdE3P5VHfgp4giXfb8WgyOYtGKG/cCnQv399sjZs"},"senderMessageKeys":[]},{"senderKeyId":1872796343,"senderChainKey":{"iteration":1,"seed":"6i+DZKKqOkWaH20puYzZ5WR07GFiq2DlhOgHK3+eCCU="},"senderSigningKey":{"public":"BfvaBaS0kcIUiEJvdigMZ28VUQ/KDn4BztB3eNemlsp/"},"senderMessageKeys":[]},{"senderKeyId":537130801,"senderChainKey":{"iteration":1,"seed":"sX4efrzbYgkFtDerCDb8bFBGSdJjTo5hs+5zPBPHEso="},"senderSigningKey":{"public":"BUyYk16R7wh512aPf9va66ney6uC+iNlsQkblTDTT44F"},"senderMessageKeys":[]}]