[{"senderKeyId":239748246,"senderChainKey":{"iteration":158,"seed":"pF23PkyN1FCqvmELla6/Tc4mnnlcURiDCZIkjI2gW8g="},"senderSigningKey":{"public":"BedAv+ZCGpHJZFp0yee8kBWZP5kP0X/mfZjoEF0cSgt4"},"senderMessageKeys":[{}]},{"senderKeyId":239748246,"senderChainKey":{"iteration":18,"seed":"DxM2ksY1/DRQkkjYc9V8D7erN03i8tshfhqqaAD4Ni4="},"senderSigningKey":{"public":"BedAv+ZCGpHJZFp0yee8kBWZP5kP0X/mfZjoEF0cSgt4"},"senderMessageKeys":[]},{"senderKeyId":239748246,"senderChainKey":{"iteration":148,"seed":"rdB6gaR4lrE50ttxp3w/tNMGZZC87e1sR86leYR+jRs="},"senderSigningKey":{"public":"BedAv+ZCGpHJZFp0yee8kBWZP5kP0X/mfZjoEF0cSgt4"},"senderMessageKeys":[]}]