[{"senderKeyId":2053071410,"senderChainKey":{"iteration":115,"seed":"PhrmeWTdGzGrF698TeYQeZQGLbzsZnjnIb2m8wEXcMc="},"senderSigningKey":{"public":"BVZqMvrAEOMNMJvz9B7SBxc0EVHkJD3TKFyg2YAp8T06"},"senderMessageKeys":[{},{},{},{},{},{},{},{},{},{},{},{},{},{},{},{},{},{},{},{},{},{},{},{},{},{},{},{},{},{},{},{},{},{},{},{},{},{},{},{},{},{},{},{},{},{},{},{},{},{},{},{},{},{},{},{},{},{},{},{},{},{},{},{},{}]},{"senderKeyId":2053071410,"senderChainKey":{"iteration":40,"seed":"PbJKYyNmWgjUO8qGHBUG8lzXkEuhwdsfwxm42cK+Fyc="},"senderSigningKey":{"public":"BVZqMvrAEOMNMJvz9B7SBxc0EVHkJD3TKFyg2YAp8T06"},"senderMessageKeys":[]},{"senderKeyId":2053071410,"senderChainKey":{"iteration":42,"seed":"CQuHajVXO3o3SPH0E/FlGmDWvHG84zCg8xOO8RC+sno="},"senderSigningKey":{"public":"BVZqMvrAEOMNMJvz9B7SBxc0EVHkJD3TKFyg2YAp8T06"},"senderMessageKeys":[]},{"senderKeyId":2053071410,"senderChainKey":{"iteration":74,"seed":"JOdaiqe9PWH4aQThWwselnCL1ROxWFzozwgiCUkvFrE="},"senderSigningKey":{"public":"BVZqMvrAEOMNMJvz9B7SBxc0EVHkJD3TKFyg2YAp8T06"},"senderMessageKeys":[]},{"senderKeyId":2053071410,"senderChainKey":{"iteration":103,"seed":"gyyog1f+wH+QWo3wOyREQf0AgdpgSpyzSQbgiWLLNnA="},"senderSigningKey":{"public":"BVZqMvrAEOMNMJvz9B7SBxc0EVHkJD3TKFyg2YAp8T06"},"senderMessageKeys":[]}]