[{"senderKeyId":1594400524,"senderChainKey":{"iteration":5,"seed":"/5mJc+0cotsMwiXB+qGo0URnyRVvQ0++0r2Z5dbIr08="},"senderSigningKey":{"public":"BT7H/NbTRVqo3PK2gKlmkSFiCPwhY9dqPPmHeysHziI+"},"senderMessageKeys":[]},{"senderKeyId":1141774377,"senderChainKey":{"iteration":2,"seed":"hBIUfRts2XzqvBtWhLVJabKFWrUGxc/szUo3FTl/LTA="},"senderSigningKey":{"public":"BWCtVExTHB/g6lWxSKxcEF+Rep0GqZdZTHu/G3ihuWcK"},"senderMessageKeys":[]},{"senderKeyId":2014471417,"senderChainKey":{"iteration":4,"seed":"ZHa73NpA1dxbhvuz7Mt5WUOTc0QYpgxepwBjlqulh8A="},"senderSigningKey":{"public":"BaSAjtIKJ4CDfwzSxujn7IDMiPzpdoS/Ge6RySPHv+hI"},"senderMessageKeys":[{}]},{"senderKeyId":1098104106,"senderChainKey":{"iteration":8,"seed":"xEX4EwvnvPTk02r7uAK/WuBgy9nKBR1Q9MSeLE/v7s0="},"senderSigningKey":{"public":"BbdLVN364a0Ukgv0PAVvCq0UsiKqmSjQ9nxYlj+oU1hy"},"senderMessageKeys":[]},{"senderKeyId":1098104106,"senderChainKey":{"iteration":1,"seed":"gEi4UD8JTmXli+hst3iduBjQyf6zknWQu27505fmtx4="},"senderSigningKey":{"public":"BbdLVN364a0Ukgv0PAVvCq0UsiKqmSjQ9nxYlj+oU1hy"},"senderMessageKeys":[]}]