[{"senderKeyId":1116283503,"senderChainKey":{"iteration":2,"seed":"hKhBI9BB/8JDoKcXrsJ0Avb5zWz2FsAr0rCBf1vbvN4="},"senderSigningKey":{"public":"BXKYgjKCI63+SukPaVoIIspy7nNj8VCXesm1utxvj4MU"},"senderMessageKeys":[]},{"senderKeyId":1116283503,"senderChainKey":{"iteration":14,"seed":"45DcPYY41PaOf5o7Ls00O+dRddpspOgF9iRVaJ2Dexg="},"senderSigningKey":{"public":"BXKYgjKCI63+SukPaVoIIspy7nNj8VCXesm1utxvj4MU"},"senderMessageKeys":[]},{"senderKeyId":1419496793,"senderChainKey":{"iteration":4,"seed":"8cZL4nj8X1prEBP35P4350i5njlfRUEhhKyPUv0Rju8="},"senderSigningKey":{"public":"BdDQ23q3z2iOxdmvqzRCn49Z4ul1MJdAge1nOormbBUF"},"senderMessageKeys":[]},{"senderKeyId":899921790,"senderChainKey":{"iteration":38,"seed":"ipCaf0zb/pqjDt86XFb0hVkBbWXrJ9XHUfhH5Haqb4k="},"senderSigningKey":{"public":"Bdmpui6zc01ZNouxb72xqoQXsuZPuHNBloQBZ1BAIjYt"},"senderMessageKeys":[]},{"senderKeyId":899921790,"senderChainKey":{"iteration":18,"seed":"eYvvUmrADEJTlgjwP7Zp2hhCemV0B069n7NEReI3FXo="},"senderSigningKey":{"public":"Bdmpui6zc01ZNouxb72xqoQXsuZPuHNBloQBZ1BAIjYt"},"senderMessageKeys":[]}]