[{"senderKeyId":1330617506,"senderChainKey":{"iteration":3,"seed":"WaBj6QUyJaqGCAPpUFJnRqDyDuJKrj6Gjpz964BnwVk="},"senderSigningKey":{"public":"BQE1kL1rITMEjuFZHtECBQMwHjdIjfmxmMjYG/bL/NpX"},"senderMessageKeys":[]},{"senderKeyId":1845020556,"senderChainKey":{"iteration":6,"seed":"eeVF/8XUd7ht7K0R6ayyjeEcltpM0f14jALOJQMieNI="},"senderSigningKey":{"public":"BcXg4OlUhYcMn8fGLe9W8nKik4MfY3xbuCV2wXLrwuhA"},"senderMessageKeys":[]},{"senderKeyId":1923238367,"senderChainKey":{"iteration":5,"seed":"2gohdgyzpU0fLUrZHk8KyFS+lA7fVf+AdplPWFOfBzU="},"senderSigningKey":{"public":"Bc7GU2ElfMN9Fq5KEQFuFD4sgW9BupqhuiWNFNAj63k0"},"senderMessageKeys":[]},{"senderKeyId":353320178,"senderChainKey":{"iteration":13,"seed":"CleQufZN3TFYIfqfiIm73GVnhLjgUbw6Fka4RBG3jiY="},"senderSigningKey":{"public":"BdWu95Q+DqZCA8PJF4RByIrKWQN7QMRtRTVOBWvpv6g/"},"senderMessageKeys":[]},{"senderKeyId":353320178,"senderChainKey":{"iteration":2,"seed":"lNa/SZXPAsN2hlmmBsR6xLPphfN83sokWarzPmdakfM="},"senderSigningKey":{"public":"BdWu95Q+DqZCA8PJF4RByIrKWQN7QMRtRTVOBWvpv6g/"},"senderMessageKeys":[]}]