[{"senderKeyId":1775306891,"senderChainKey":{"iteration":3,"seed":"TJxdl5N9dLr39YuB0F64A1KyDDG9Dry366oGjCqNxTg="},"senderSigningKey":{"public":"BSl93ZZ8oJZARx2CGLDY0fpRSOzyKRMcdSAIaiwA4TN8"},"senderMessageKeys":[]},{"senderKeyId":1153798022,"senderChainKey":{"iteration":1,"seed":"pxXV+rHsc2a2v7EdTttMvNG5leE9quu4lTQilf5WyQM="},"senderSigningKey":{"public":"Bb/NXdqlK/0oeRH+xfQaXYwjAxER8zsEbQf34rSARHsC"},"senderMessageKeys":[]},{"senderKeyId":1632098316,"senderChainKey":{"iteration":1,"seed":"rhhFuMPxAevNElesbeDwicbMuwWirw0clSHlGJym8fs="},"senderSigningKey":{"public":"BXfUXN2+/HKfT/1kQpuS4fQAqloo1Uzd9ADWXA6/pVFo"},"senderMessageKeys":[]},{"senderKeyId":1632098316,"senderChainKey":{"iteration":0,"seed":"EqKQQg7KPkaS8GbfP3kiqXs2IYnVbsknZYrf4i1Wg0o="},"senderSigningKey":{"public":"BXfUXN2+/HKfT/1kQpuS4fQAqloo1Uzd9ADWXA6/pVFo"},"senderMessageKeys":[]},{"senderKeyId":1051524890,"senderChainKey":{"iteration":5,"seed":"8SJ7ZitnA/7YEEQe0LQwbetI2hva16eAs98JWAPnmHA="},"senderSigningKey":{"public":"BZ1ekHVABpbIL7ZvetxgTOs7rtr6KX8whTjQPReoWswz"},"senderMessageKeys":[]}]