[{"senderKeyId":202833916,"senderChainKey":{"iteration":237,"seed":"6toWL2dG4aWuopnhvaZN4MQ6ZUsUw5P7pK0yIrYXQbU="},"senderSigningKey":{"public":"BbJy9PrqqcatmYf9MsCJnp3/gtp43GozX1S6I8h8BuYR"},"senderMessageKeys":[{},{},{},{},{},{}]},{"senderKeyId":202833916,"senderChainKey":{"iteration":227,"seed":"15EMy/htzOidUcInYcS8DtVPSsVu+wtsknADvgdX7AA="},"senderSigningKey":{"public":"BbJy9PrqqcatmYf9MsCJnp3/gtp43GozX1S6I8h8BuYR"},"senderMessageKeys":[]},{"senderKeyId":202833916,"senderChainKey":{"iteration":229,"seed":"sqLXWixY4YhmwR2mHyWHR6A2/m0dcuBnZKfcpremV5o="},"senderSigningKey":{"public":"BbJy9PrqqcatmYf9MsCJnp3/gtp43GozX1S6I8h8BuYR"},"senderMessageKeys":[]},{"senderKeyId":202833916,"senderChainKey":{"iteration":235,"seed":"4n3xNX6JSLbTvMrjL+obH1G1QFgP/p/OYnRpqv3u9cE="},"senderSigningKey":{"public":"BbJy9PrqqcatmYf9MsCJnp3/gtp43GozX1S6I8h8BuYR"},"senderMessageKeys":[]}]