[{"senderKeyId":654662587,"senderChainKey":{"iteration":64,"seed":"lE7wXWxIw7PLcOdAcJT4dvmEQkoDaylsu+CM/Jfz6F4="},"senderSigningKey":{"public":"BfGE1PzlvWlB5pRNC8t9rJgBK3K3rs/tNJBP2UelV4ND"},"senderMessageKeys":[{}]},{"senderKeyId":654662587,"senderChainKey":{"iteration":3,"seed":"jA+w8UU2J1gbMzs3dD08fNj9MW3r5qdkQsUgyiAns7o="},"senderSigningKey":{"public":"BfGE1PzlvWlB5pRNC8t9rJgBK3K3rs/tNJBP2UelV4ND"},"senderMessageKeys":[]},{"senderKeyId":741570910,"senderChainKey":{"iteration":7,"seed":"ZyuIATK3ku8zk/9vChD35sjWvKMhebcK/yMY/Q8TJFk="},"senderSigningKey":{"public":"BRztud6lMal7Vo7V02HgVoNg8alc0oHrYYjAnv12mF5K"},"senderMessageKeys":[]}]