[{"senderKeyId":1973359601,"senderChainKey":{"iteration":7,"seed":"4q8TJKGBB5MDBZn38JopXCuDauTl/Ad3I5gEuypfbvc="},"senderSigningKey":{"public":"BUVLg2JYjCuYPkznArRTjyLrzt+Pq8EOuaUHWs3Usm5r"},"senderMessageKeys":[]},{"senderKeyId":1503137908,"senderChainKey":{"iteration":18,"seed":"de3BTdmk88IGWbs4jWs96Jv2T0TYR7ovmn27AYI7s/g="},"senderSigningKey":{"public":"BeLQ1KCROj4f+LlnEqQw4XPkHbTcG12YI/rahvJbIL0H"},"senderMessageKeys":[]},{"senderKeyId":1503137908,"senderChainKey":{"iteration":4,"seed":"17jAU1WF2dehsPPrdNn2QqI7utV1q35Km/cbCxuX93k="},"senderSigningKey":{"public":"BeLQ1KCROj4f+LlnEqQw4XPkHbTcG12YI/rahvJbIL0H"},"senderMessageKeys":[]},{"senderKeyId":1503137908,"senderChainKey":{"iteration":5,"seed":"nhtGVJSnYt+0t8YIUYq189PHEYzsOGTZ7I96rxCRqkE="},"senderSigningKey":{"public":"BeLQ1KCROj4f+LlnEqQw4XPkHbTcG12YI/rahvJbIL0H"},"senderMessageKeys":[]},{"senderKeyId":406008244,"senderChainKey":{"iteration":5,"seed":"pH9gWWVzqyYggEFyzLc9WWkIkodEK7HA3vW3/UXfLn4="},"senderSigningKey":{"public":"BV0hqC1lqKTTystQKFKtXwbQCFUD/EfiHK3F2YIpPCVj"},"senderMessageKeys":[]}]