[{"senderKeyId":498269501,"senderChainKey":{"iteration":2,"seed":"aIDz2u8fbA99+RvDCr1TutxmmqcLBzfCGmB/34jxCpM="},"senderSigningKey":{"public":"BbxpkRRKLE876GgMLclD7qST2XZb8YukxqGiL3dgGAlm"},"senderMessageKeys":[]},{"senderKeyId":954469469,"senderChainKey":{"iteration":30,"seed":"tpS2jt2aB/ijFGhXmMLmTn8nsETKKbNsVwiDR+KBvig="},"senderSigningKey":{"public":"BeZ1m1XCf/HiCVo/w0FYqlz6Z+GFqR9L8b/zoWFLNf5Z"},"senderMessageKeys":[]},{"senderKeyId":1118071205,"senderChainKey":{"iteration":9,"seed":"Ezsg/KLXHPAAp9Prvx3FjpOBocc857MplpnPboqLyRQ="},"senderSigningKey":{"public":"BeM2jFEl+XLeUWkgdE9f94GGcRyycZM3kF0Gzrp8FTdC"},"senderMessageKeys":[]},{"senderKeyId":1249763416,"senderChainKey":{"iteration":33,"seed":"6nC3gf9vRmiH+Ss9jN7HR5MR66U2a/HsHylXnFUJlqA="},"senderSigningKey":{"public":"BfYN5JtMo8u4elig+fzdUwY0sJQMstc87Y//gmovgE0q"},"senderMessageKeys":[]},{"senderKeyId":1151791294,"senderChainKey":{"iteration":24,"seed":"CLxTcwQnv53QpxyyHj21Lvy96tndMk3qcJNPBzfG3Ao="},"senderSigningKey":{"public":"BYcYnhGHDTeM5lnsy4hRaXmXho/AsvOn0y+9nRBQUgsK"},"senderMessageKeys":[]}]