[{"senderKeyId":1799359397,"senderChainKey":{"iteration":34,"seed":"g3mFj4JxtMNDsL/Vvq/JEOQ4B0UoGlfhSRUHgSNHvA8="},"senderSigningKey":{"public":"BSzfv3k+dun2UutPSEV+doBk1r2l9zCdIPpvTvsfBEl4"},"senderMessageKeys":[]},{"senderKeyId":2066507653,"senderChainKey":{"iteration":1,"seed":"kXpAzw+MwInZY4LzCIxy71B4Ultt+r03mQGYWZptxWg="},"senderSigningKey":{"public":"BbqUlDe2RUFwWh3vfFB+i7fAkqIVsmfp6EfVnN5b2rR7"},"senderMessageKeys":[]},{"senderKeyId":1790184025,"senderChainKey":{"iteration":1,"seed":"D+Zoa5VEViPVtWkjNUHHtBihcBqxtbLPOqi/vf4FmNk="},"senderSigningKey":{"public":"BQrLXaItQgv+llZ2sgGsr660wya8Zyk2mjJTwDPQXP98"},"senderMessageKeys":[]},{"senderKeyId":2039158668,"senderChainKey":{"iteration":2,"seed":"bSk9modoG7uX3N3zpD9kc3wE1yLVE5tfsnnFNdCjaFU="},"senderSigningKey":{"public":"BSOUeWyMhlhumJrrLNus7uIfsRseKsbxlWv104UtQDwN"},"senderMessageKeys":[]},{"senderKeyId":711339936,"senderChainKey":{"iteration":4,"seed":"jPM9x6AUG68tA+w0bScsElV9hEduNaDZXXHMfUQ/ef8="},"senderSigningKey":{"public":"BcgUlnzqFH3TCTPKf2AOkzVxKBJSn/vRkPalpUWh6yEA"}}]