[{"senderKeyId":335833816,"senderChainKey":{"iteration":3,"seed":"dFXjEhDKxxJX4MtDwR/PCUuWuIivtAaI6mbmwurPY6w="},"senderSigningKey":{"public":"BaLpVKJkZSWZ7Ni9hnLW1YYwTJOjWWBDWDkY8xKWVtpY"},"senderMessageKeys":[]},{"senderKeyId":1409227976,"senderChainKey":{"iteration":6,"seed":"xaqzM11iiWufYFxKFtnTRlsdsVBr/rCpRBLrx7r9JhI="},"senderSigningKey":{"public":"BWSRF5kCK1vvaEy6MjEpaqKL2ahV0iQaEXaYpySUgt8j"},"senderMessageKeys":[]},{"senderKeyId":1409227976,"senderChainKey":{"iteration":4,"seed":"LQQq9FzfRiWXQEciGhOQg4C4zwxVyPaMNqlp9sDCBjc="},"senderSigningKey":{"public":"BWSRF5kCK1vvaEy6MjEpaqKL2ahV0iQaEXaYpySUgt8j"},"senderMessageKeys":[]}]