[{"senderKeyId":913631396,"senderChainKey":{"iteration":1,"seed":"NGwI3e7L+xpPXySUiPEPpkgrLFUHULkhgKq4qJrdT1M="},"senderSigningKey":{"public":"BRAxeFSNGwP+ZUfhBIL6loO9V9athUS+EFkYj1TxtPpv"},"senderMessageKeys":[]},{"senderKeyId":1294906575,"senderChainKey":{"iteration":4,"seed":"7JkUPspePyUhqPcAJ2eMfFoRnapRCjEGBj4y2TUELVk="},"senderSigningKey":{"public":"BQbkPcH8pjxCJgTG40yhmMSFytAH5wMAB+uVtTdN3tN+"},"senderMessageKeys":[]},{"senderKeyId":1007450785,"senderChainKey":{"iteration":250,"seed":"cpJk1cJNBJtX8i06sS1Y6qAm7JOoVa21rqByFppRecc="},"senderSigningKey":{"public":"BTQxrFY9RF9ZBOysb5r1YIQwGlXBE7SxiXLEuX831XsI"},"senderMessageKeys":[]},{"senderKeyId":2008151409,"senderChainKey":{"iteration":13,"seed":"e4WFMDz7q/Z6yeJzdsudLbSIuSuJRNXHhshtdv+9et8="},"senderSigningKey":{"public":"BWJwBmaFVMezEDTBcfe7Qpw1NJ8VOXKFiemFH5eUL/Mz"},"senderMessageKeys":[]},{"senderKeyId":2008151409,"senderChainKey":{"iteration":11,"seed":"D7BgDZTbzNIT6XJqNU02N3lxJA5CG9dF/g8EIHMRdoQ="},"senderSigningKey":{"public":"BWJwBmaFVMezEDTBcfe7Qpw1NJ8VOXKFiemFH5eUL/Mz"},"senderMessageKeys":[]}]