[{"senderKeyId":1218608381,"senderChainKey":{"iteration":77,"seed":"FT2E5NZFdf35vmJfQloe9xRlI3AL7Fb6lxEQZXewcSU="},"senderSigningKey":{"public":"BeJliabz9mirGHyLUYfbZovdQvR/GN5h9UPiM+wGZ/Ve"},"senderMessageKeys":[]},{"senderKeyId":625230894,"senderChainKey":{"iteration":11,"seed":"4zlCouoRcZG8SUbMozIsPte2KuhuI6uX7YykBVG+u0I="},"senderSigningKey":{"public":"BWwMFRW3JTkYFrMArjstguDmNYLan10nSk3G4OE3OXRv"},"senderMessageKeys":[]},{"senderKeyId":112772861,"senderChainKey":{"iteration":24,"seed":"HAA1XeQuPcjBmRQsIN/HxFSnqI4m0q78unFx7CzK6vs="},"senderSigningKey":{"public":"BRnlORZpGzm5Ez5umdbMZ6EcqMjx68LlPaA1PxLaIJkz"},"senderMessageKeys":[]},{"senderKeyId":170333627,"senderChainKey":{"iteration":6,"seed":"rD4lWFXdK7cdcLvjR/dU8IMTjudz/mNkpGr4pODQuNE="},"senderSigningKey":{"public":"BSW5XPGgdOgXYMekGYYmV6vMJo0fL9bPqlnFWcMdnnoM"},"senderMessageKeys":[]},{"senderKeyId":170333627,"senderChainKey":{"iteration":1,"seed":"oe2yARBfE0MLwoLTQ+uXVjFx/KLlxollPeDQ6t2cw3A="},"senderSigningKey":{"public":"BSW5XPGgdOgXYMekGYYmV6vMJo0fL9bPqlnFWcMdnnoM"},"senderMessageKeys":[]}]