[{"senderKeyId":1329925453,"senderChainKey":{"iteration":91,"seed":"8jK354ZkXRIPPWRqvp2z0rMvVOCr8257GxnO8rpXP04="},"senderSigningKey":{"public":"Be4gbyNtmVeWhG8+dF/opuOoGE0tySTJLwJOpg15+ykx"},"senderMessageKeys":[]},{"senderKeyId":1329925453,"senderChainKey":{"iteration":2,"seed":"Ufjf5H7KKwmpZq3lAEiBeyTgmmCD6y+1uUstaEEDjjA="},"senderSigningKey":{"public":"Be4gbyNtmVeWhG8+dF/opuOoGE0tySTJLwJOpg15+ykx"},"senderMessageKeys":[]},{"senderKeyId":1329925453,"senderChainKey":{"iteration":90,"seed":"1R7tS8sJ7H8K/FdqwHSKQvsYp6FMCoILi+t4YOapzr8="},"senderSigningKey":{"public":"Be4gbyNtmVeWhG8+dF/opuOoGE0tySTJLwJOpg15+ykx"},"senderMessageKeys":[]}]