[{"senderKeyId":1335815453,"senderChainKey":{"iteration":27,"seed":"RaV/Yln06HyWXtFjo+ZEknwg+V+i6YzOlDKSsX288aM="},"senderSigningKey":{"public":"BaDZ4NigB9mvCuLvCt+NGSqhvJdwPMzvF8TbKtbaFh0B"},"senderMessageKeys":[{},{}]},{"senderKeyId":1335815453,"senderChainKey":{"iteration":24,"seed":"x5kIs7nlrn/f611tBHmK1gT97Aou1hzr/LSO/ReU9kU="},"senderSigningKey":{"public":"BaDZ4NigB9mvCuLvCt+NGSqhvJdwPMzvF8TbKtbaFh0B"},"senderMessageKeys":[]},{"senderKeyId":1225405110,"senderChainKey":{"iteration":1,"seed":"txv4QqffoJdehSem+c5rY6KL+v4XmwulUjm3EU8O4BI="},"senderSigningKey":{"public":"BaZLBSjTgfj0f+iaLh0XM3edYKMH7QCJtU+KRNDLaUYy"},"senderMessageKeys":[]}]