[{"senderKeyId":308410616,"senderChainKey":{"iteration":1,"seed":"wUtaHbzZlKYuVaRP+MduKhEYhxdH8Eb2uUepYyJLGkc="},"senderSigningKey":{"public":"BX6W/98v57W189+LHAoOfeZCXM3fmcsKz4AN6jF5jKYO"},"senderMessageKeys":[]},{"senderKeyId":832091039,"senderChainKey":{"iteration":11,"seed":"OYALOrXpu+/HUkceYF5xtK+oqkYAgJPKc9nC3moeOrk="},"senderSigningKey":{"public":"BTb489iKFy2Ito+X//FYDjY8EPgyCP0dJSxVFZgCsWQ9"},"senderMessageKeys":[]},{"senderKeyId":832091039,"senderChainKey":{"iteration":4,"seed":"FyPACJFy+3FBu9YZKMgfdhiLVwz1ntcGtKAcdGJxEtg="},"senderSigningKey":{"public":"BTb489iKFy2Ito+X//FYDjY8EPgyCP0dJSxVFZgCsWQ9"},"senderMessageKeys":[]},{"senderKeyId":71615644,"senderChainKey":{"iteration":5,"seed":"0cetTK/6B6iEFTNHDRUiHkWELG6UfDZKIvEIDOhVT7k="},"senderSigningKey":{"public":"BQYERvW3ptFDlflV9PmP1QWK2fbegx4oAw7kPNLK20R8"},"senderMessageKeys":[]},{"senderKeyId":71615644,"senderChainKey":{"iteration":2,"seed":"xHo95WSeFObxw2DArSdaSIKE+JwoYpZAl7N0JipSREc="},"senderSigningKey":{"public":"BQYERvW3ptFDlflV9PmP1QWK2fbegx4oAw7kPNLK20R8"},"senderMessageKeys":[]}]