[{"senderKeyId":1374226468,"senderChainKey":{"iteration":14,"seed":"Gr/2/pg92RLBQK7MH3udTvfZrEY60Ku2mgoa/D3tAKo="},"senderSigningKey":{"public":"Bay8DPJNOqGILyLjNfWVjdJqKsm0Mo1ykQwVFN7BpnYf"},"senderMessageKeys":[]},{"senderKeyId":275973062,"senderChainKey":{"iteration":1,"seed":"TI22CMPkTHHZ+iACfhLLYXjYFiEhOz+zDyHQQlbLdw4="},"senderSigningKey":{"public":"BTLCIe0PZUcr+OVemhdTEpbQIQKKpOsNhE28jWoB0V5j"},"senderMessageKeys":[]},{"senderKeyId":382655274,"senderChainKey":{"iteration":6,"seed":"LgFw5ImdO/cNhqKZWKZG3/UPaLuzeqXxKvEHHPgEBt0="},"senderSigningKey":{"public":"BTBlWJoAAMsUXKG/h3U41X/V3dEJsAukLcXS45H/U9AN"},"senderMessageKeys":[]},{"senderKeyId":767218700,"senderChainKey":{"iteration":19,"seed":"yT+gjYfLXtbpYufeS2EQ7Y+O4vYNNYTVWH5aNKwVFuE="},"senderSigningKey":{"public":"Bcuuwtqbu3VwUoaEDIZOMSVFR+bThLuY2Da0Z6jTl9wS"},"senderMessageKeys":[]},{"senderKeyId":801026012,"senderChainKey":{"iteration":29,"seed":"0eVugimdB2ql2vi9EPhsJsCSGyZwAUHfxSaWuSkbI70="},"senderSigningKey":{"public":"BYXqIC62PfYCArMXb9LSAEgDvu99GB7iTGFLjQ/bn2NT"},"senderMessageKeys":[]}]