[{"senderKeyId":1613804163,"senderChainKey":{"iteration":28,"seed":"8KPLWY2Vo2cO8CxaTeiYOk1dBLnKAoLuhyE71sPNQ6s="},"senderSigningKey":{"public":"BauMCS4pbHiUZMts0F00Ol1NOnU45e+07xIo2vJ6DNEv"},"senderMessageKeys":[]},{"senderKeyId":1342702535,"senderChainKey":{"iteration":8,"seed":"Ig0W21Bbpw+zgP6OuSEFeTW6PQJlUBvU/Bw8JirSSgs="},"senderSigningKey":{"public":"BeWvpCnwDxqMp6WW+0Nul/0r0t+pZIgOzkKkh3lDCEs9"},"senderMessageKeys":[]},{"senderKeyId":1408998577,"senderChainKey":{"iteration":17,"seed":"iFQb0dnJOI0tIv36kNSAYXOTTruN9BbOXFfXtQsY1fc="},"senderSigningKey":{"public":"BTC55XsxQAdxYTlEtnfuOzqdVAUDxUSYI2sHaMBsVFth"},"senderMessageKeys":[]},{"senderKeyId":1789073730,"senderChainKey":{"iteration":1,"seed":"pRoeYp5NqA8Wek4XPJqUYM2Kg7jkeDeLHN6Pv0drmko="},"senderSigningKey":{"public":"Bc3aCybeu6zOFkWRR8n7ckuoSBsQkARJUaltJ2CSDT1l"},"senderMessageKeys":[]},{"senderKeyId":149465966,"senderChainKey":{"iteration":94,"seed":"+W6SL4tz+ZL4SFw198YRTbsgL9nypYZMMPP+1KAcj5c="},"senderSigningKey":{"public":"Bea2bQ68bvGaf4fN5P7BcQeVmZ/ifNImSJISHUxEnplD"},"senderMessageKeys":[{}]}]