[{"senderKeyId":1291028003,"senderChainKey":{"iteration":3,"seed":"r1+Y2PmkIdAeGI5nggfq57dcZG671KDDYkuybyT/eC0="},"senderSigningKey":{"public":"BcxEbB48UjJ7x9zlgygyRrHY+oDT9uc0e9QZGKJD76Zo"},"senderMessageKeys":[]},{"senderKeyId":1664385032,"senderChainKey":{"iteration":6,"seed":"NNg3MBFeAOS0UMLthrBrUkJkUfR4ACdr+tp7MLoSWEU="},"senderSigningKey":{"public":"BSQEfEl4h3w8sWuCwDB+d1Qp7rLxz789Z5WrPDRnJlYt"},"senderMessageKeys":[]},{"senderKeyId":1664385032,"senderChainKey":{"iteration":5,"seed":"Wbrr8u7M0pC1AQCICsMsTyhi5LyzzlHEM1FtUTakM60="},"senderSigningKey":{"public":"BSQEfEl4h3w8sWuCwDB+d1Qp7rLxz789Z5WrPDRnJlYt"},"senderMessageKeys":[]},{"senderKeyId":1520273919,"senderChainKey":{"iteration":3,"seed":"r4QFacvLkvmaDgIRDS4OGiM7KruxE01dVi1cd/rxVwo="},"senderSigningKey":{"public":"BZGZCVAMxMboF8qHgMkXuCW1Aw8ONO8CGFiC8uQYSdIX"},"senderMessageKeys":[]},{"senderKeyId":1375242379,"senderChainKey":{"iteration":2,"seed":"XoKqssk6Bjp+BSFFRafWi0e5KsN4KRxUithI8CDbm3Y="},"senderSigningKey":{"public":"BXINIy6exkGtWlUO+r8vDsC79i9NKYdH0UVksz8P8VF4"},"senderMessageKeys":[]}]