[{"senderKeyId":1259654348,"senderChainKey":{"iteration":249,"seed":"BOAG1ZoqBAZfHMDdGrZo2TONAYqArkt/yEjqQwBIG7c="},"senderSigningKey":{"public":"BU6Wo0QXgmvXi2o/nV3cImzdqBagjyWg7Uc55Q5sQ+kj"},"senderMessageKeys":[{}]},{"senderKeyId":1259654348,"senderChainKey":{"iteration":2,"seed":"mzEezGasRRMZeD0rJ/M7+IlrByL8jO/7i2NgxHZbIAA="},"senderSigningKey":{"public":"BU6Wo0QXgmvXi2o/nV3cImzdqBagjyWg7Uc55Q5sQ+kj"},"senderMessageKeys":[]},{"senderKeyId":657528842,"senderChainKey":{"iteration":21,"seed":"PNLeGErmwJZkjTqiLLi/u4D8mbGSH+GcK7FqY0Cy4uQ="},"senderSigningKey":{"public":"BSwVVKWlttG4e02be7LgxRUksCaHODxxvdNkIoS350Vf"},"senderMessageKeys":[{},{}]}]