[{"senderKeyId":1198396286,"senderChainKey":{"iteration":16,"seed":"/Cb5wnPo4+d2Y7MrqiCjLqnyEkB3wroRhPW8BStszLg="},"senderSigningKey":{"public":"BTY5NsQwpt5vfHQfots/Q/voBHMK6g02cBLqTx4cdm8G"},"senderMessageKeys":[{}]},{"senderKeyId":1198396286,"senderChainKey":{"iteration":2,"seed":"8SpanwOdMAFr3ngIxJ5cm01XnWlm4djUcMElV90VVzk="},"senderSigningKey":{"public":"BTY5NsQwpt5vfHQfots/Q/voBHMK6g02cBLqTx4cdm8G"},"senderMessageKeys":[]},{"senderKeyId":485747276,"senderChainKey":{"iteration":2,"seed":"489CvpTfs/gmg7B30xq7b/XAHhvq5jGUBCoKi9+S5Jc="},"senderSigningKey":{"public":"BfzpI09gwPhxwpRULSIdvtOa7y/+dXaPy9OgtZm9lLon"},"senderMessageKeys":[]},{"senderKeyId":485747276,"senderChainKey":{"iteration":1,"seed":"JXwz/SZkyLSF96sobb3uANmbL8pqFPh30qQxt1fAdbY="},"senderSigningKey":{"public":"BfzpI09gwPhxwpRULSIdvtOa7y/+dXaPy9OgtZm9lLon"},"senderMessageKeys":[]},{"senderKeyId":1414589528,"senderChainKey":{"iteration":3,"seed":"zsDLX1zZQG1OL5NR9qSFM2pZBgKGFP6j7IfwG13Ohag="},"senderSigningKey":{"public":"BfXUtFhKlpviXmncO61n1ufiJ2eInTOK6hNqxUUEGMVf"},"senderMessageKeys":[]}]