[{"senderKeyId":871438823,"senderChainKey":{"iteration":20,"seed":"oYyL/TqcAYr/6p2w9/QsvFT9gEX2TdDvuG93DH884dA="},"senderSigningKey":{"public":"BdqoRunuU8q5wdJKBgKUnocK6rqbpH1QZ1KuDya0Jkpm"},"senderMessageKeys":[]},{"senderKeyId":871438823,"senderChainKey":{"iteration":8,"seed":"hTE2mP93qntKOxjIZkgOAjfxWUmtyy+y+kTKWNNxm28="},"senderSigningKey":{"public":"BdqoRunuU8q5wdJKBgKUnocK6rqbpH1QZ1KuDya0Jkpm"},"senderMessageKeys":[]},{"senderKeyId":2013440064,"senderChainKey":{"iteration":1,"seed":"+qeU/qquG5gQc2qwYLvesShwow4QT13QlJKDVc+dkdQ="},"senderSigningKey":{"public":"Bd93utKhf9IOk/56yXMivvgRWkwWJpsGAEYswCNryTE9"},"senderMessageKeys":[]},{"senderKeyId":499901822,"senderChainKey":{"iteration":1,"seed":"tlN/uggkov0b0Qv2dfkqG5z7+J7c4crv04pBFdvuM1E="},"senderSigningKey":{"public":"BQt6Oswi0+rwtAPCyKBWrAERewexI/hP3J03H/tY+uUD"},"senderMessageKeys":[]},{"senderKeyId":2003174208,"senderChainKey":{"iteration":5,"seed":"8jV/Z0KfHAu7tiPYbULrMgP2g+wpQSwW6XFV+xjFLJk="},"senderSigningKey":{"public":"BUEGOW6zj3g2n+odGubimQ2ULO3sHPVqoSWFGLadjmgo"},"senderMessageKeys":[]}]