[{"senderKeyId":1777661513,"senderChainKey":{"iteration":34,"seed":"wyKYp2SD9BW4eT/iIupyNBxJaog+deld7fDDBuJCyD8="},"senderSigningKey":{"public":"BR7thIMvl1sV9yhVlN94FAAZ/6jcR6B5dz7NW/B+wglA"},"senderMessageKeys":[{},{},{},{},{},{},{},{},{},{},{},{},{},{},{},{},{},{},{},{},{},{},{},{},{},{}]},{"senderKeyId":1777661513,"senderChainKey":{"iteration":6,"seed":"ASSqVu4FrEq1FuPtBdphEwwJnN7542KbhqR61cvXSug="},"senderSigningKey":{"public":"BR7thIMvl1sV9yhVlN94FAAZ/6jcR6B5dz7NW/B+wglA"},"senderMessageKeys":[]},{"senderKeyId":1777661513,"senderChainKey":{"iteration":12,"seed":"YlgL98iahEntE645IuHmgRCBtCEJehnC71FBbA8zxxo="},"senderSigningKey":{"public":"BR7thIMvl1sV9yhVlN94FAAZ/6jcR6B5dz7NW/B+wglA"},"senderMessageKeys":[]},{"senderKeyId":1777661513,"senderChainKey":{"iteration":20,"seed":"I0IBaoKQYqnqUqlxIimER/g8HWfYkLcFqI4IpcCjV2E="},"senderSigningKey":{"public":"BR7thIMvl1sV9yhVlN94FAAZ/6jcR6B5dz7NW/B+wglA"},"senderMessageKeys":[]},{"senderKeyId":1777661513,"senderChainKey":{"iteration":30,"seed":"wenqBYqFCqQSg07yljG0vsCpPjNnYvYzLrZt4Pn7hIw="},"senderSigningKey":{"public":"BR7thIMvl1sV9yhVlN94FAAZ/6jcR6B5dz7NW/B+wglA"},"senderMessageKeys":[]}]