[{"senderKeyId":457221241,"senderChainKey":{"iteration":9,"seed":"Hi5t+Y/mvHyoatoDhZYNJK1gQHH0mu/9WYCcMFC7RMU="},"senderSigningKey":{"public":"BTjbqjatotWbXr5dE7JU74hmNnauGMnFUj7VlNGsbRgV"},"senderMessageKeys":[]},{"senderKeyId":457221241,"senderChainKey":{"iteration":21,"seed":"QH3nIvgmOdzokX9cjdp5RZlODtWz//vYQKZ3DXL8TIM="},"senderSigningKey":{"public":"BTjbqjatotWbXr5dE7JU74hmNnauGMnFUj7VlNGsbRgV"},"senderMessageKeys":[]},{"senderKeyId":1486282102,"senderChainKey":{"iteration":4,"seed":"92l3AoDRV7wxx5qNhnO3QA08eH7GNtb1/9opDZ1A/54="},"senderSigningKey":{"public":"BWuDWUKtcZ3odd7DSf9sZTyTjg3AWYjV4tU8K/C7TvlN"},"senderMessageKeys":[]},{"senderKeyId":1486282102,"senderChainKey":{"iteration":1,"seed":"EP7eRlEAsohj9+uZXpnQleX6zAAyT/vOPS5NYd/viEg="},"senderSigningKey":{"public":"BWuDWUKtcZ3odd7DSf9sZTyTjg3AWYjV4tU8K/C7TvlN"},"senderMessageKeys":[]},{"senderKeyId":1486282102,"senderChainKey":{"iteration":3,"seed":"ZAeMP1i6A2zEEY6BKP2lxJnpAyBSUF2GVnFIcDyQvOc="},"senderSigningKey":{"public":"BWuDWUKtcZ3odd7DSf9sZTyTjg3AWYjV4tU8K/C7TvlN"},"senderMessageKeys":[]}]