[{"senderKeyId":1226455092,"senderChainKey":{"iteration":6,"seed":"a+jCJ7KFQr/qJCTXDiFgc/MiDRhfUkGg1C3fjIQ7gEs="},"senderSigningKey":{"public":"BeUjBzo7JCxGkDJGf7qRCkMScI0VJ4eDDXons+FVT7wQ"},"senderMessageKeys":[]},{"senderKeyId":1514009201,"senderChainKey":{"iteration":36,"seed":"U8LJY/Kyjmfec+nNcPmUa1qupHN8cMMo6RmojiPYAxo="},"senderSigningKey":{"public":"Bdogots1h4UPFZmCCFXV4lQDBoGGZ5zO6bn4Ea3tec9r"},"senderMessageKeys":[]},{"senderKeyId":1233660587,"senderChainKey":{"iteration":21,"seed":"KC00gC0pSXj7p0gvc2qwrIo9y+7LeDFnF5v0bdRDrOY="},"senderSigningKey":{"public":"BZBKh/jRysFFchL9S/t3Db9qkMt34TiVYjVLDSO7V7RB"},"senderMessageKeys":[]},{"senderKeyId":1848139196,"senderChainKey":{"iteration":3,"seed":"h/3lZnoZA8FaW7Qdhu+/gYqCVitLDgWKIkF8Xdxlen0="},"senderSigningKey":{"public":"BZiM7iP7bLj/Rd+NzIKNsQ1ZBC3Q6nq6KxM5uDCUZLxL"},"senderMessageKeys":[]},{"senderKeyId":1848139196,"senderChainKey":{"iteration":2,"seed":"1+0Uv5ozkhZYY/KkrfmRhDxB2KqumVAnp2uaYHlBhpc="},"senderSigningKey":{"public":"BZiM7iP7bLj/Rd+NzIKNsQ1ZBC3Q6nq6KxM5uDCUZLxL"},"senderMessageKeys":[]}]