[{"senderKeyId":1469384853,"senderChainKey":{"iteration":20,"seed":"k0apmf/0/CztWIzHxs875WHhoSeHxbjx63ji14rczKg="},"senderSigningKey":{"public":"Bfw/OHXJ4qwf5GiEOAbJl2Ry+mb9WVH/sb/UAIYvq8oM"},"senderMessageKeys":[]},{"senderKeyId":1469384853,"senderChainKey":{"iteration":21,"seed":"IeDIegPm+4/28lkECVCN9d1Kc7LYikSK/SCtAPZP4tY="},"senderSigningKey":{"public":"Bfw/OHXJ4qwf5GiEOAbJl2Ry+mb9WVH/sb/UAIYvq8oM"},"senderMessageKeys":[]},{"senderKeyId":1763888303,"senderChainKey":{"iteration":2,"seed":"OC8xVM9+EvhEJ+txie1e6uyahUUxB0jus82aLKpTuUg="},"senderSigningKey":{"public":"BR1OwVwrq0ICj97FA9k4MZw9vM5MQAqj6wL9AxwZdAUs"},"senderMessageKeys":[]},{"senderKeyId":766369605,"senderChainKey":{"iteration":46,"seed":"LmKIg/BxBxwh0n6wMoi9dc84v4Uz1zkm3ngLMtj8itE="},"senderSigningKey":{"public":"BdbhodIKgFCRCv5IVu9Zn4oVMlr1s7W7pxCrITX6NxRC"},"senderMessageKeys":[{}]},{"senderKeyId":766369605,"senderChainKey":{"iteration":18,"seed":"gHju2HOKlbz3gFgDrGGTEpKkuBMausWuS6DsA69HAJg="},"senderSigningKey":{"public":"BdbhodIKgFCRCv5IVu9Zn4oVMlr1s7W7pxCrITX6NxRC"},"senderMessageKeys":[]}]