[{"senderKeyId":2068715948,"senderChainKey":{"iteration":37,"seed":"Z/q8XeFr5SmcvycPjAJabMxoKlxsazuG2+cxjplWGwQ="},"senderSigningKey":{"public":"BWVvt7IkYLyrMvPoa/SlrcCZAvSJ7I6L1V2jFUwESLRF"},"senderMessageKeys":[]},{"senderKeyId":2068715948,"senderChainKey":{"iteration":37,"seed":"Z/q8XeFr5SmcvycPjAJabMxoKlxsazuG2+cxjplWGwQ="},"senderSigningKey":{"public":"BWVvt7IkYLyrMvPoa/SlrcCZAvSJ7I6L1V2jFUwESLRF"},"senderMessageKeys":[]},{"senderKeyId":1408192413,"senderChainKey":{"iteration":1,"seed":"DLdPKgfFVe1icUC2YsamZ/Ib0WTDQmf+3lb4i5+b4lE="},"senderSigningKey":{"public":"BY1w5a4/6N+rNhbNWHwCD6S8JcQ+ImCYz0EOF3pj1ks7"},"senderMessageKeys":[]},{"senderKeyId":1518009489,"senderChainKey":{"iteration":1,"seed":"B+V+pBMnZ4tY6fzE+1LPD4Fp0L6YkqfZO0OsLoWajPA="},"senderSigningKey":{"public":"BZsOyoHVwhwu5LKrK9gpWCvBr3Iu7qkvMkb1byZ9Bh9h"},"senderMessageKeys":[]},{"senderKeyId":601205989,"senderChainKey":{"iteration":1,"seed":"zO+6qGxLQ/6ei+m09blDWeX8XQ+DzsdB7SqVcggsPdU="},"senderSigningKey":{"public":"BUIjgsvHKBb7ZxErQz0rX96HpcXtzyleI92p8dl+wEMn"},"senderMessageKeys":[]}]