[{"senderKeyId":219218335,"senderChainKey":{"iteration":10,"seed":"dtS73mjI6CvM+cn4f7ZqKdH9zRnUtayAoAnNCTteASc="},"senderSigningKey":{"public":"BQGPxlWuyNGZJ1WUvxe1HAIEPkXOtHrMS6qLnmIusYVI"},"senderMessageKeys":[]},{"senderKeyId":240713377,"senderChainKey":{"iteration":2,"seed":"XeD/h5SrX+pAgh0KI0rKRHOMdizYA8K6rvvnMs0QY00="},"senderSigningKey":{"public":"BbHaaHduxmdjMRNtNcxTy8kFxvswVA5NECJQM1aOM2kf"},"senderMessageKeys":[]},{"senderKeyId":1624769375,"senderChainKey":{"iteration":1,"seed":"WhE6EJfOWOFoxbn0Eytx2q6X3zrCVgfCy/UFeJrSy5I="},"senderSigningKey":{"public":"BdITipVbmkH36qYx3y0kTWEV09CTGHEBxi0Dn6GmTh1J"},"senderMessageKeys":[]}]