[{"senderKeyId":1710988233,"senderChainKey":{"iteration":25,"seed":"WabMG8T54ZX8BK11Xz2oUTfP9M48t0nyj5COHel5fd4="},"senderSigningKey":{"public":"BUKQhBM/tVwhMkzboW1SL4EzsCAYmMmNMRm/8MbGrYFB"},"senderMessageKeys":[]},{"senderKeyId":650297906,"senderChainKey":{"iteration":9,"seed":"v7zLTcfWjUv3CJTeymHSgkQR+BudExqjrbkCsQYwt7I="},"senderSigningKey":{"public":"BfufVuKvIrf+tgDt/y/3IScoSCGr+o1BOhKYOZme0EkQ"},"senderMessageKeys":[]},{"senderKeyId":650297906,"senderChainKey":{"iteration":1,"seed":"JDFiT/MDhl9gOdVvjcQ4KEEvNhh05HyALx01lLAzQkc="},"senderSigningKey":{"public":"BfufVuKvIrf+tgDt/y/3IScoSCGr+o1BOhKYOZme0EkQ"},"senderMessageKeys":[]},{"senderKeyId":1545139304,"senderChainKey":{"iteration":4,"seed":"VOHJdbXYN7HqcOOChvbYAXiPBNDQ58WOdOMHxKsgbFE="},"senderSigningKey":{"public":"BaqMtP4keFinM4nQ1fJQTXZ9Jr0q5oGBDrvR9UoDdIda"},"senderMessageKeys":[]},{"senderKeyId":903039749,"senderChainKey":{"iteration":1,"seed":"MZsRT7YoipLf0FGRZD2FspFOicD5yTYt28+Sv5ulDeM="},"senderSigningKey":{"public":"BQALUfKX38fLXDCOD8WiEmckETN8Dpak7BEi8lMN6kkb"},"senderMessageKeys":[]}]