[{"senderKeyId":2102411755,"senderChainKey":{"iteration":2,"seed":"ksr7IQIYiJRL09T5/iJhlLdxYnoVhZTI6QLz8ZlBsdY="},"senderSigningKey":{"public":"BdY5LXT9sh+HXElj/BLQaHjVu2xameEsKc3NAfetpbkx"},"senderMessageKeys":[]},{"senderKeyId":76943260,"senderChainKey":{"iteration":1,"seed":"zVwoTmdi/o58U/CVIc/Cko5MmrZRI7rxLeGacKA8+xI="},"senderSigningKey":{"public":"Bbh6BWinL/Txk+iNr0sZDuVL+2xce91Fpu5dVvYMExVu"},"senderMessageKeys":[]},{"senderKeyId":1191585694,"senderChainKey":{"iteration":10,"seed":"/hegS8TCMZtIOh33rNTIRdQPnUUtsP7oUue2rvEmscA="},"senderSigningKey":{"public":"BXwE6+tSU5BCjGf2ub5SpcUZ6fj0SpfIxeT+zRe8VhYj"},"senderMessageKeys":[]},{"senderKeyId":201315260,"senderChainKey":{"iteration":3,"seed":"qMJLYgpA8sYtojtikaeAhy4k9v2/Eqg93JxAZI2vmhY="},"senderSigningKey":{"public":"BZsqWtAISr4m4pCC4VeiYjBfh09csu+Eumwx+BxYEm9e"},"senderMessageKeys":[]},{"senderKeyId":366393672,"senderChainKey":{"iteration":3,"seed":"wF6WW0NQHhYUzglUiDQVcTIMvOUYz8mo1QKnqZ073rA="},"senderSigningKey":{"public":"BUN5LdtBJMtT/XdLZKu5vOWNm0B7aQtBHIrnYGSSqB9T"},"senderMessageKeys":[]}]