[{"senderKeyId":74077979,"senderChainKey":{"iteration":20,"seed":"jduDNgcsb1qMjYJLROyl3cWc+8C6afgdTwK0Si4tbn0="},"senderSigningKey":{"public":"BQmb1UMkQFUlGX0zs8OlX2crXBJX32v9vroAfQO4QaAT"},"senderMessageKeys":[]},{"senderKeyId":1023905993,"senderChainKey":{"iteration":10,"seed":"4czRsEvw0HOO/W172PwjpKLaqVFi3LjxzLBRtf0dFE8="},"senderSigningKey":{"public":"BfrNXols9SEg69jEFnEslACjYFe5Qk6aTijvrGb9HClk"},"senderMessageKeys":[]},{"senderKeyId":2094336198,"senderChainKey":{"iteration":9,"seed":"VTnF2pouodFqpntBJ592PQGUtRMpsnWUbrfglyQ4Zw8="},"senderSigningKey":{"public":"BeexEbwnWXETeZULzX1NOG3pXSO6H3fF51S5TWa9fWJW"},"senderMessageKeys":[]},{"senderKeyId":531557497,"senderChainKey":{"iteration":22,"seed":"ZkcFbZEgHI3jW+TAylRNyUrRmBXFstWdP9R33ySSFgg="},"senderSigningKey":{"public":"BWm5bOB+ZE8Y8Kpqmd0qtNUvARS/yXT9QphgcCkT1+ky"},"senderMessageKeys":[{},{},{},{}]}]