[{"senderKeyId":1642709320,"senderChainKey":{"iteration":1,"seed":"vyqwRysbFTwImO0AxX4mpV+v0Ydf7xUPL2QJ60O2yJQ="},"senderSigningKey":{"public":"BXkj7rIx4eWMcf5jqB3a3PswmZ4xphlHOGWFYEnNVecV"},"senderMessageKeys":[]},{"senderKeyId":101494004,"senderChainKey":{"iteration":39,"seed":"w/8jRMP7pIFTvv/+BxXymenCnY2cDIe97lkmqiK0Jx4="},"senderSigningKey":{"public":"BZzvGjRL1gbZ3+REVkJhBWlnzks0l8P2urnqLD4mF5gP"},"senderMessageKeys":[{}]},{"senderKeyId":101494004,"senderChainKey":{"iteration":29,"seed":"K295WLmiQcM6geIxIIW0tR9WhiwTHZ6wCHPVFHsc1oE="},"senderSigningKey":{"public":"BZzvGjRL1gbZ3+REVkJhBWlnzks0l8P2urnqLD4mF5gP"},"senderMessageKeys":[]},{"senderKeyId":586368755,"senderChainKey":{"iteration":2,"seed":"unxhpuM3mxPNpXb3NSZrrRHLaOc13OGMkUz5YSiiPOU="},"senderSigningKey":{"public":"BUFc2pno/g/AgMVc3ATer5agywywbkzkXIuKQ95U4J9j"},"senderMessageKeys":[]},{"senderKeyId":1422389928,"senderChainKey":{"iteration":8,"seed":"1ZpzBjrcKHSMp/Uz3wWRqVCPa0TPKU1fFcf1hTQRxg0="},"senderSigningKey":{"public":"BaC0bz2gVm225z5C/s+L3cIhf/4I+MaF57R9YQOf/MNw"},"senderMessageKeys":[]}]