[{"senderKeyId":862502251,"senderChainKey":{"iteration":35,"seed":"bKvX6yND9ZaLi2pmYvQ9P0PUTPqCoGe2a1oU/BsmAnc="},"senderSigningKey":{"public":"BVnDJzEMu0t9bDmBcd37PdxZWhrbuDt/ZvaY2fX98C8g"},"senderMessageKeys":[{},{},{},{},{},{},{},{},{},{},{},{},{},{},{},{},{},{},{},{},{},{},{},{},{}]},{"senderKeyId":862502251,"senderChainKey":{"iteration":7,"seed":"j9x7i8ZTJMTEmkPn/1X0P6d1FY1RW6rYpPpiN+C1q/0="},"senderSigningKey":{"public":"BVnDJzEMu0t9bDmBcd37PdxZWhrbuDt/ZvaY2fX98C8g"},"senderMessageKeys":[]},{"senderKeyId":862502251,"senderChainKey":{"iteration":19,"seed":"WeMR992IIZv9/rfbxu2aMilMzDO7K9qf9hWinNrUgiI="},"senderSigningKey":{"public":"BVnDJzEMu0t9bDmBcd37PdxZWhrbuDt/ZvaY2fX98C8g"},"senderMessageKeys":[]},{"senderKeyId":862502251,"senderChainKey":{"iteration":23,"seed":"540sApkEQz9hhvtDuBdzMiU7Q+TE2mSjroVUmtEKwok="},"senderSigningKey":{"public":"BVnDJzEMu0t9bDmBcd37PdxZWhrbuDt/ZvaY2fX98C8g"},"senderMessageKeys":[]},{"senderKeyId":862502251,"senderChainKey":{"iteration":25,"seed":"kMM4iMew4m/Lm+vLOmbAHP8doT1bma/Io9ahcW1j1lk="},"senderSigningKey":{"public":"BVnDJzEMu0t9bDmBcd37PdxZWhrbuDt/ZvaY2fX98C8g"},"senderMessageKeys":[]}]