[{"senderKeyId":1777332195,"senderChainKey":{"iteration":10,"seed":"etkl7E2j/ERdX/CU4f8wfzH4ocEnAOotPzBJ01DGewA="},"senderSigningKey":{"public":"BWQFHj7aOGpyHxhVAdkXy7M36rKZ7eH2zbTf6rH8RipY"},"senderMessageKeys":[]},{"senderKeyId":684036711,"senderChainKey":{"iteration":15,"seed":"9DVTS4B+d8fSLSDUyYAPQSh0A9e6lRTbQjwiWLQTGEc="},"senderSigningKey":{"public":"BY1VruDoUEFXtrE1ht1IUphYn0otJIeMfksfHtZnz+gC"},"senderMessageKeys":[]},{"senderKeyId":1142119763,"senderChainKey":{"iteration":16,"seed":"GJYQaWEe727EPhIHlcZXY2sxUwTU6zxFCuf3EYQnw6g="},"senderSigningKey":{"public":"Bdumjk42I5XP5RZirSfM/++S1p92U+9pTRbMxBMZljRd"},"senderMessageKeys":[]}]