[{"senderKeyId":486589078,"senderChainKey":{"iteration":323,"seed":"WaQHW+5AN9HEQrQ9x1BqkHJ+JVSd0fNWaJnbdYZymBI="},"senderSigningKey":{"public":"BcxjSniWDryMuI9dhBbzc0mp5bO9EzFCNRSGsvaT0j5J","private":"eD7JPS6WyaKYf+giTyfPK+laX7U3e3OTrEnE5mqHFlM="},"senderMessageKeys":[{},{},{},{},{},{},{},{},{},{},{},{},{},{},{},{},{},{},{},{},{},{},{},{},{},{},{},{},{},{},{},{},{},{},{},{},{},{},{},{},{},{},{},{},{},{},{},{},{},{},{},{},{},{},{},{},{},{},{},{},{},{},{},{},{},{},{},{},{},{},{},{},{},{},{},{},{},{},{},{},{},{},{},{},{},{},{},{},{},{},{},{},{},{},{},{},{},{},{},{},{},{},{},{},{},{},{},{},{},{},{},{},{},{},{},{},{},{},{},{},{},{},{},{},{},{},{},{},{},{},{},{},{},{},{},{},{},{},{},{},{},{},{},{},{},{},{},{},{},{},{},{},{},{},{},{},{},{},{},{},{}]}]