[{"senderKeyId":958017482,"senderChainKey":{"iteration":30,"seed":"WoHnh27NHx4dKeMG+vAXEKVn6DKWFpeD3k4ITs1ae2g="},"senderSigningKey":{"public":"BXycqWEcQ46+jRXFHHOzNvErDU24Rx47WYK95nQ90JUq"},"senderMessageKeys":[{}]},{"senderKeyId":1701415523,"senderChainKey":{"iteration":2,"seed":"3P/TXhO4IGRAx7ujYJrW19BBirQ9Tj8GZpSEci0B0Xo="},"senderSigningKey":{"public":"BZy93tbLOhdQleX56P7SPZHPomUbRIfSlh5kKYeG//pr"},"senderMessageKeys":[]},{"senderKeyId":1987107682,"senderChainKey":{"iteration":2,"seed":"YPLG04+sUuX0eIdehxWpEekn+aw/Me5aHnh4yifHgBk="},"senderSigningKey":{"public":"BdbDkjVkuE0Gc8wdAusjW+MqKFAWXjDa3LWZnmfQfZxj"},"senderMessageKeys":[]}]