[{"senderKeyId":1185235740,"senderChainKey":{"iteration":93,"seed":"Hab3roWKkzxR1Wh01Pek7oE4Lzz+vECVJysE87mX1pk="},"senderSigningKey":{"public":"BTM2GEOmFpSObAYZSbcAglFbA0YWP6EO1BiibjSyD+RX"},"senderMessageKeys":[{}]},{"senderKeyId":1185235740,"senderChainKey":{"iteration":51,"seed":"1IN6xzAGTlXeG5AIcu6RaP9JxjfkS2QeDY+sbz27jNE="},"senderSigningKey":{"public":"BTM2GEOmFpSObAYZSbcAglFbA0YWP6EO1BiibjSyD+RX"},"senderMessageKeys":[]},{"senderKeyId":1185235740,"senderChainKey":{"iteration":52,"seed":"2yJc/4C1e0+waQLH1XZF7zjgIw4aBLF5Pz3EvoSRJiM="},"senderSigningKey":{"public":"BTM2GEOmFpSObAYZSbcAglFbA0YWP6EO1BiibjSyD+RX"},"senderMessageKeys":[]},{"senderKeyId":1185235740,"senderChainKey":{"iteration":85,"seed":"Fze9H8H3t6M3SnfI2/pefV+yRnThS0xuhdcTGT3J81g="},"senderSigningKey":{"public":"BTM2GEOmFpSObAYZSbcAglFbA0YWP6EO1BiibjSyD+RX"},"senderMessageKeys":[]},{"senderKeyId":1185235740,"senderChainKey":{"iteration":88,"seed":"6tU/kKulx6Fp3VU0pPEHasxQE9c3fKSGd5K6ARUAwTU="},"senderSigningKey":{"public":"BTM2GEOmFpSObAYZSbcAglFbA0YWP6EO1BiibjSyD+RX"},"senderMessageKeys":[]}]