[{"senderKeyId":2140505535,"senderChainKey":{"iteration":3,"seed":"6KChn2jiO76dFgxPE6VfSIokE1LlpnB2j8ZBfXrn0EI="},"senderSigningKey":{"public":"BUzaIRuCJBK7rvNosJUxmA8BTgE/4D2pC0PS4IauhfFR"},"senderMessageKeys":[]},{"senderKeyId":142641451,"senderChainKey":{"iteration":1,"seed":"RHGxl7LjfMoJ5Qam0Pvm0GBF3ykNWfMvYtrYK2nXq8E="},"senderSigningKey":{"public":"BSGx2BIw1+WftbAAEapnpPSbfRVWbVXVHNaFuMIvcq4D"},"senderMessageKeys":[]},{"senderKeyId":111547790,"senderChainKey":{"iteration":4,"seed":"iGUdVVkOYNmtDPGGVtiRKzzL/LzbP84KMvH+XUGCC0c="},"senderSigningKey":{"public":"BY3fPDkhKsngjXmSyAl5iKMn6KHJ6pBUaXyp0wain1J/"},"senderMessageKeys":[]}]