[{"senderKeyId":314401185,"senderChainKey":{"iteration":121,"seed":"K7eAeO5JZHxZNFvzzH97OOS3HJvmaMYD/6NFsGZzeTA="},"senderSigningKey":{"public":"BQzz+gHKve1j69/hCXIev/In9FMjN57CJRAIt5ahxaV/"},"senderMessageKeys":[{},{},{},{}]},{"senderKeyId":205439698,"senderChainKey":{"iteration":15,"seed":"t9N+DJNk1NeM6zfxJwe6bpPR0Jro4b00rI12noLqdq4="},"senderSigningKey":{"public":"Bep9FBnicTo+xQdLDJaJ5Hgp7sSvVXyhW83PpYIo+Ao+"},"senderMessageKeys":[{}]},{"senderKeyId":876595295,"senderChainKey":{"iteration":3,"seed":"urbi53XfgLesBUBMmrffQlIPQQ37oH4THWTE+e4Mggs="},"senderSigningKey":{"public":"BQfMFyRWEmy8E7FsjbERpPKttEE00F1mLMAlG284T3UX"},"senderMessageKeys":[]},{"senderKeyId":1388444192,"senderChainKey":{"iteration":60,"seed":"kZIFbhp1DrRkl2hVCnHknV9i1yWFu48nvzoTvFy6fmU="},"senderSigningKey":{"public":"BaFfXz3YRwCj3c/kAqILQXK+vIWU2h4CUJrHZEdQyNR9"},"senderMessageKeys":[{},{}]},{"senderKeyId":1695260243,"senderChainKey":{"iteration":7,"seed":"kDDHvZH6VYnxPwoUMXACqDB4l9okzsg6RVOjBu9+vhI="},"senderSigningKey":{"public":"BY6H4W8qVwFyFDFp6GpCyeFR3OP/kBmWKzfUpOUqfaVw"},"senderMessageKeys":[]}]