[{"senderKeyId":424037097,"senderChainKey":{"iteration":111,"seed":"tpLyLx1kr1YNqrothqYXBPTOcvTjFqHwwrZ3roMXNjw="},"senderSigningKey":{"public":"BWW5ZN02Du23jr2BfiAsxez6f7rn+JaUR5R49egHLhE1"},"senderMessageKeys":[]},{"senderKeyId":23006577,"senderChainKey":{"iteration":5,"seed":"DqH0rUttVyA68mfXa8+35Ri3LfAZma0GdT+oyb7omnE="},"senderSigningKey":{"public":"BfD4GCg459vxbeVdEoNNngp7r2AeGOLAMzxNv9sq6cgU"},"senderMessageKeys":[]},{"senderKeyId":794854720,"senderChainKey":{"iteration":4,"seed":"g/yRU4lvMRzfR/B9AqjU5HguXwa4J28eBNxitaCsjo8="},"senderSigningKey":{"public":"BXHiV+0RxDeaGERSLPfjnFn29wp8LhXjvbzz5+lHyOcQ"},"senderMessageKeys":[]},{"senderKeyId":794854720,"senderChainKey":{"iteration":2,"seed":"g2x+ohYOqSnKMgFcRim3A6QI/8r2D+4d4LR/Gq7oOvg="},"senderSigningKey":{"public":"BXHiV+0RxDeaGERSLPfjnFn29wp8LhXjvbzz5+lHyOcQ"},"senderMessageKeys":[]},{"senderKeyId":536844722,"senderChainKey":{"iteration":3,"seed":"oD3b2HCybCRjQpI+NlnN0DrHidgV5QlDf98ygFSDe8Y="},"senderSigningKey":{"public":"BcwrmXUwJ31TYaVhDfj839jeQJKTRgvrt0kYHcwab1A9"},"senderMessageKeys":[]}]