[{"senderKeyId":1778677865,"senderChainKey":{"iteration":8,"seed":"GbKG41DQpkK5R18SNsN4CmDLj7BibpfRpXcjL1hVkkE="},"senderSigningKey":{"public":"Baz3A/KYOBBxPg7JPECaa4mimzQkf/4TjgKvY3QBh+YR"},"senderMessageKeys":[]},{"senderKeyId":1850004508,"senderChainKey":{"iteration":13,"seed":"4ROY1Hlqcoz83cFeEwO+FguRobKX3QsI+bOZfRiQxBw="},"senderSigningKey":{"public":"BTaEa9OEavv+Ef/CjPgG/fGEWp0RK3pRwSD4PS3p/2kb"},"senderMessageKeys":[]},{"senderKeyId":502877512,"senderChainKey":{"iteration":2,"seed":"lFxPdQnTj/Qk4cbihVttcC2SFvsseReW8woMiCJbKWY="},"senderSigningKey":{"public":"BeVUbgm9pQ69amIPvst3zYpfW2wsU0MGFJ8N18GwjCsQ"},"senderMessageKeys":[]},{"senderKeyId":1954560305,"senderChainKey":{"iteration":2,"seed":"uBN6GFrwElIUyd6dngklP6Ippst8wynerwCHutOnyX8="},"senderSigningKey":{"public":"BREfvxmxmWDGj6ZMSw3CPqrcJXXQmxZN0xM2aok/Ow8R"},"senderMessageKeys":[]},{"senderKeyId":1390832406,"senderChainKey":{"iteration":76,"seed":"Dr/gdsMsuGItVdoqOPN4JQPyR4ItZfQZum4lh+FQKlU="},"senderSigningKey":{"public":"Bd+eHFSL+EHGNcUERZSVnIaoNXTm7mnThiPupCrPYqtg"},"senderMessageKeys":[{}]}]