[{"senderKeyId":757771216,"senderChainKey":{"iteration":2,"seed":"4m5RB5dxJ2vY53sFOWuIXMVUGDdowp8w2IeFbfosNGo="},"senderSigningKey":{"public":"BSiZFBI9rCXTuVdVlk6zhoCFJv227fQqsf1NKuBuG4dd"},"senderMessageKeys":[]},{"senderKeyId":1993701491,"senderChainKey":{"iteration":5,"seed":"LsiKqe7SS9GBo9+o5IIgGtkeAFhdR7643nwIuacFwjk="},"senderSigningKey":{"public":"Ba7NRQUVJlAZMDfarTh/avSdRZ2ASvNkbXc/hCLSrewT"},"senderMessageKeys":[]},{"senderKeyId":1477827356,"senderChainKey":{"iteration":29,"seed":"wbrDhEHS6FhAFge3Ii40ko5sKz7x2rYye9m/Aq2/yEQ="},"senderSigningKey":{"public":"BUt0UB5ERbBM2p5ZRMulf+3UkxddYhlQ6ynYGPQ2DRpJ"},"senderMessageKeys":[]},{"senderKeyId":1040646432,"senderChainKey":{"iteration":113,"seed":"SAKock/Kc8mAEunytiH7LAzWF6/CJSmXU8+t/sLdIcs="},"senderSigningKey":{"public":"BQpxGN2uS1z66kNkQZQ/PplLaD69VHUNbMq4xG90EhYI"},"senderMessageKeys":[]},{"senderKeyId":1553466665,"senderChainKey":{"iteration":3,"seed":"cqkLUh2uwGV1H0b6UkJFsMRKUVQrAxn+iNCYDtFQqIg="},"senderSigningKey":{"public":"BSsdcepXz27x2sTAx+yqHf0yGPUnTy4EOunn4A4NdJtc"},"senderMessageKeys":[]}]