[{"senderKeyId":940550202,"senderChainKey":{"iteration":10,"seed":"KOVFRRJt6FjUaGI95XZ3LaDoJWrepatNEt3WdkK2tpY="},"senderSigningKey":{"public":"BVQIAPFNRugklNDn33HvdPKyPM9uKDtjcDRTzWWHEAdA"},"senderMessageKeys":[]},{"senderKeyId":473526635,"senderChainKey":{"iteration":7,"seed":"d9SBOd9MhKQhAoRGtVEXatwUCJmnvsLuZQ1ESlIgSKM="},"senderSigningKey":{"public":"BU6RV8kFOIYfH4EEBnKf6sYT8yLgezOAW2BAJtYnKUdZ"},"senderMessageKeys":[]},{"senderKeyId":272598037,"senderChainKey":{"iteration":33,"seed":"ljK7vy0XZ+oYwAdUp/M9hCwQOtZ4ijBigFGIiaJ0ivA="},"senderSigningKey":{"public":"Ba0zmsF6/d3/oWFWWDY+ORPqPvc0mslL5YR1IcrHr2tM"},"senderMessageKeys":[{},{}]},{"senderKeyId":272598037,"senderChainKey":{"iteration":21,"seed":"YD/YMN61zHGqIWKC9Uckyd6PJo7UI86xKiqLxkXKs+Q="},"senderSigningKey":{"public":"Ba0zmsF6/d3/oWFWWDY+ORPqPvc0mslL5YR1IcrHr2tM"},"senderMessageKeys":[]},{"senderKeyId":272598037,"senderChainKey":{"iteration":24,"seed":"eEJzHYOEOyO8vUZVz4YhvQ2P4VzNYyvtmUWfKSc5ZKQ="},"senderSigningKey":{"public":"Ba0zmsF6/d3/oWFWWDY+ORPqPvc0mslL5YR1IcrHr2tM"},"senderMessageKeys":[]}]