[{"senderKeyId":563995520,"senderChainKey":{"iteration":4,"seed":"UKn1ehmEiCL29DQUuVEWF8AqQuRm5NgJ/F1gpl0bhwo="},"senderSigningKey":{"public":"BeBKZXQBeXsAybHfD2FTrGAwMkZtjO5JlRv4W4LIIh9P"},"senderMessageKeys":[]},{"senderKeyId":388844451,"senderChainKey":{"iteration":5,"seed":"w/7IngXw0FJjjkhbnpqeuHtcnOzQe6OzdsavHFnu5lM="},"senderSigningKey":{"public":"BebV6l9QUFoKYDJDfVOM0p7hqbbDPb46G+j/W2NHclYS"},"senderMessageKeys":[]},{"senderKeyId":1452179208,"senderChainKey":{"iteration":6,"seed":"0idriCk6YOFR+62S51BbPkh70u9GJYuKDbXlwssMV9g="},"senderSigningKey":{"public":"BQAGDDeVySiAbU4NOytzvYVmj7z7tYRr0DjPQGkho/0d"},"senderMessageKeys":[]},{"senderKeyId":1752279899,"senderChainKey":{"iteration":2,"seed":"KwKyXWl7Ry3yWRE9xKSoziE5XPSGKfaxiZAL//hTIb8="},"senderSigningKey":{"public":"BXhjlu8NB3fO8+a5qkaStVQ+xkvL3M37RcUbBtRRXAxY"},"senderMessageKeys":[]},{"senderKeyId":1411548075,"senderChainKey":{"iteration":1,"seed":"sCh42GOpXkSAheq5NkH0nYwfhkiJrIVdAIQ06m8YnFk="},"senderSigningKey":{"public":"BfIxhmZWpu+LRBQGRxBbCCG7aSzszCqjDZ4yP82mXoNe"},"senderMessageKeys":[]}]