[{"senderKeyId":392437210,"senderChainKey":{"iteration":8,"seed":"A0TbIPlnwsP+HvhWSUCgPMHTAmHT3iXOr9D0029XG2k="},"senderSigningKey":{"public":"BVtv2f+fNSNDPHrXdhUlvrSE7Htm1vyEvUL+du6WqPUA"},"senderMessageKeys":[]},{"senderKeyId":1173640527,"senderChainKey":{"iteration":1,"seed":"o2hCx5m5dFx9gm2wwVIQw4mXOrb1T+lSIeNChHSobxs="},"senderSigningKey":{"public":"BbTW/pWSNI1e5wyK47xkQNytojy7yTEVGzAzYna+IB4+"},"senderMessageKeys":[]},{"senderKeyId":1648503098,"senderChainKey":{"iteration":1,"seed":"toYARB7Sm8mHC6QY0z6mHZqdGSXovef7IcHgAIoAiVM="},"senderSigningKey":{"public":"Bf+IhhQMeJiPbuOt/nELXf8zrwO9SCaRzSDl2Ttv4SUq"},"senderMessageKeys":[]},{"senderKeyId":242220231,"senderChainKey":{"iteration":1,"seed":"i7bWMipaME8KoLLk5pQC7APjYuq7HD7bL1DtLJsbBHM="},"senderSigningKey":{"public":"BfD4QFzJny01k2/GN9dmHWBoQCmZyBiJ/Qyt36JXh2YQ"},"senderMessageKeys":[]},{"senderKeyId":469586980,"senderChainKey":{"iteration":1,"seed":"ShI4QLVWCVD9fubSTbVjzPZR9Jrx5SZW5SAhJ1lwXd4="},"senderSigningKey":{"public":"BTfuFeT2QXbEFRaOrJv0/SKbI2k3oPkqey4R/yhhncxS"},"senderMessageKeys":[]}]