[{"senderKeyId":1476476290,"senderChainKey":{"iteration":220,"seed":"25hwfID+1e3xfOZPqbtcxEAYxeO9CxhftgRu48CIcH8="},"senderSigningKey":{"public":"BQEKV5hVESVFGgDb3OwhitsHnQCMnhEKBv2bK2v3e6UF"},"senderMessageKeys":[]},{"senderKeyId":1654429785,"senderChainKey":{"iteration":20,"seed":"5CF3SNoUTajIkklJ4HW7CxxGf34jANHMkTl0Jn0t8mo="},"senderSigningKey":{"public":"BWnBerUWdnyrElcZvN9P7UfYdYqODvhvpgHdLzn+yDEL"},"senderMessageKeys":[]},{"senderKeyId":1654429785,"senderChainKey":{"iteration":5,"seed":"nszh2JabxqvNLN5csH7b5BnEwhK2UMNmcX7ylym0/Hk="},"senderSigningKey":{"public":"BWnBerUWdnyrElcZvN9P7UfYdYqODvhvpgHdLzn+yDEL"},"senderMessageKeys":[]},{"senderKeyId":2014096179,"senderChainKey":{"iteration":9,"seed":"nFgC/hfC7T9WwNaa3XYXSEvzPY6ceokV736Ii+q1iuM="},"senderSigningKey":{"public":"Beous2h6H4SYzzlQOx9aoVnVj4FcPLDh7kkdWaVdXExT"},"senderMessageKeys":[]},{"senderKeyId":2014096179,"senderChainKey":{"iteration":1,"seed":"avBVtTIOmyo34tPAeexL1+6qIFE+B7UlPX26xGOVmlU="},"senderSigningKey":{"public":"Beous2h6H4SYzzlQOx9aoVnVj4FcPLDh7kkdWaVdXExT"},"senderMessageKeys":[]}]