[{"senderKeyId":109774972,"senderChainKey":{"iteration":8,"seed":"fmUr0gna60XLNXSs1Ocg9bmO0WClV+CL7FCz0Am2FnE="},"senderSigningKey":{"public":"BTl2Ih7MaTfVd1Vmes+Yz1w4GCgBCEPdyRdHOP++0bkj"},"senderMessageKeys":[]},{"senderKeyId":109774972,"senderChainKey":{"iteration":1,"seed":"Go3yCDSnHKdw8moI8a8e0D5Q8tGEK7HrZrSChVGhBFc="},"senderSigningKey":{"public":"BTl2Ih7MaTfVd1Vmes+Yz1w4GCgBCEPdyRdHOP++0bkj"},"senderMessageKeys":[]},{"senderKeyId":109774972,"senderChainKey":{"iteration":2,"seed":"x8KN6jGkG7kdMqoPptzqu/gi9yOtCIkseZNMc/pI7Z4="},"senderSigningKey":{"public":"BTl2Ih7MaTfVd1Vmes+Yz1w4GCgBCEPdyRdHOP++0bkj"},"senderMessageKeys":[]}]