[{"senderKeyId":1579354219,"senderChainKey":{"iteration":1,"seed":"jlrhzm7EqsuGw6QQYdoUUPUPXU1tNQkgCe4ji48lXqY="},"senderSigningKey":{"public":"BZAwxbIdvcUWPzWAJjMpL5bkWU3XHtAEbgXOyDGp8A8H"},"senderMessageKeys":[]},{"senderKeyId":2133631158,"senderChainKey":{"iteration":37,"seed":"v+VETWg+6EO9JqWk0pVKUi9Ko6BJd/HSQ+uDVJq7vBA="},"senderSigningKey":{"public":"BeJOieN04TY2KuxHTzAUYTnhCj4tPjVqTnNYQAjbhfF3"},"senderMessageKeys":[]},{"senderKeyId":2133631158,"senderChainKey":{"iteration":1,"seed":"MiZcc0OJH9CZk79l7qUlpHinEnLuNeEifASSpTCiEDw="},"senderSigningKey":{"public":"BeJOieN04TY2KuxHTzAUYTnhCj4tPjVqTnNYQAjbhfF3"},"senderMessageKeys":[]},{"senderKeyId":1808014419,"senderChainKey":{"iteration":5,"seed":"OsyUp6qsEX8w5mbai2PCaVXkoZ24/ndv6BdGMg9cqsE="},"senderSigningKey":{"public":"BbG1Kdu1pYWaMQHqGLRQ/tbqyNYAApu7GoqQ+tv0eec7"},"senderMessageKeys":[]},{"senderKeyId":417317793,"senderChainKey":{"iteration":3,"seed":"16Qmys4ayKI3UAZIZ7292DAMdvc3l5NSwPC5hfQ6ETs="},"senderSigningKey":{"public":"BdZ8hr+5bXc+lv2Elsc6fN4jZjyQok6o0BtUMTrhD80T"},"senderMessageKeys":[]}]