[{"senderKeyId":2010007667,"senderChainKey":{"iteration":74,"seed":"PX3OqdLbmpVpv9CVozX9XTkLl34Ln7RNqn3+um3EulA="},"senderSigningKey":{"public":"BU4xkUjA449x0wNsGRBB7UHNghQA2/t0sjSXkaL72DZW"},"senderMessageKeys":[]},{"senderKeyId":2010007667,"senderChainKey":{"iteration":86,"seed":"WQCdnIC+o3ceCIc4qBxbOrA7CyUebRvP/j02T2NQQjI="},"senderSigningKey":{"public":"BU4xkUjA449x0wNsGRBB7UHNghQA2/t0sjSXkaL72DZW"},"senderMessageKeys":[]},{"senderKeyId":67927996,"senderChainKey":{"iteration":118,"seed":"teYvhD84VRzQbvta4CHRRTUNuZREsxiRdpwSDrLkZGg="},"senderSigningKey":{"public":"BWIXzKu3iuF4swRvXeI1FSiAdIM8/77H/ptc3OAmIg5r"},"senderMessageKeys":[]},{"senderKeyId":67927996,"senderChainKey":{"iteration":31,"seed":"QSq0AAm+acGRmCMgUQPKS4qLgvZApReLkmNqzl8yFoY="},"senderSigningKey":{"public":"BWIXzKu3iuF4swRvXeI1FSiAdIM8/77H/ptc3OAmIg5r"},"senderMessageKeys":[]},{"senderKeyId":67927996,"senderChainKey":{"iteration":49,"seed":"DiD518n7eNZb4uB1xf2LHCbmaHbYXwwJR00yYuJKuKM="},"senderSigningKey":{"public":"BWIXzKu3iuF4swRvXeI1FSiAdIM8/77H/ptc3OAmIg5r"},"senderMessageKeys":[]}]