[{"senderKeyId":495903556,"senderChainKey":{"iteration":1,"seed":"6zp9BEvbKijxYtmvLUyX2WoAELIbndsbQJGQb95g0NI="},"senderSigningKey":{"public":"Bc/P/XSZmGTCwTZ12fziZ+0zyxlpFH4TWSu90HmMnZQi"},"senderMessageKeys":[]},{"senderKeyId":218063852,"senderChainKey":{"iteration":7,"seed":"H8GlvBHSMvdXsqZID+FDwYF5u+SSruXiwMd/FbnP8Dc="},"senderSigningKey":{"public":"BXrwm+SvhRWKaCzVNo9SRYVp67XtUE3LKaCkscttC0NJ"},"senderMessageKeys":[]},{"senderKeyId":218063852,"senderChainKey":{"iteration":2,"seed":"QsYObgAxLmnpEoA0FQy8pbwgzQuIZA6PSWOiHRrvPhc="},"senderSigningKey":{"public":"BXrwm+SvhRWKaCzVNo9SRYVp67XtUE3LKaCkscttC0NJ"},"senderMessageKeys":[]}]