[{"senderKeyId":855392702,"senderChainKey":{"iteration":1,"seed":"jZSYIHCX/RTAV/aKfYKT/7sYCYmXHLICxswUjUQp1+M="},"senderSigningKey":{"public":"BZTAAynDMEQQFh58Rlrbg4eiXbXMQtYij3geEU+j5IUb"},"senderMessageKeys":[]},{"senderKeyId":721152595,"senderChainKey":{"iteration":4,"seed":"shmV4AzZFE+NO2v7DwHg3CXgmCjcVglvPcah6vDT/60="},"senderSigningKey":{"public":"BQittlJOTn6Mud35fLkf/QxSWxDOad1tjudnyxaPu8Q/"},"senderMessageKeys":[]},{"senderKeyId":721152595,"senderChainKey":{"iteration":3,"seed":"NknBAsvY54zk+3iaBtnxTl9H7SomoGT34wil5JBwKdw="},"senderSigningKey":{"public":"BQittlJOTn6Mud35fLkf/QxSWxDOad1tjudnyxaPu8Q/"},"senderMessageKeys":[]},{"senderKeyId":1358562400,"senderChainKey":{"iteration":1,"seed":"0dl/U1C6GFQfBn13alPVB4Qe0rlZezDq8RVtxpSNW5k="},"senderSigningKey":{"public":"BegZM2axy/seUfkQqAlPeMGg34FaaZiuv0/Zkg56KQ0P"},"senderMessageKeys":[]}]