[{"senderKeyId":1101149751,"senderChainKey":{"iteration":4,"seed":"MW1wFNyv8Og3Apg19nvszE2xdEcjCP1j3Gu/L6vcVfU="},"senderSigningKey":{"public":"BUhaVoMS3apRukd+XHN+spYs/e9VEP1gKMv5yCIct8gG"},"senderMessageKeys":[]},{"senderKeyId":675290805,"senderChainKey":{"iteration":4,"seed":"xBaLGo9MjZmUPpow+YhiymagRnGbq8N30+l2NfbTURE="},"senderSigningKey":{"public":"BZ89EA3gpdYGXnv7/sPy4J9KdypHLURaJJfmzQ4Yo5AW"},"senderMessageKeys":[]},{"senderKeyId":452094052,"senderChainKey":{"iteration":2,"seed":"o25imLj9/U89IdJh/Tgp19d1WFWPcV+p3L75XnwB00U="},"senderSigningKey":{"public":"Bf5fVp6OUOy10586QjjORyWWhCFxjjJNE+hzzuiGVh9w"},"senderMessageKeys":[]},{"senderKeyId":615240995,"senderChainKey":{"iteration":30,"seed":"OCflOgQi8Hhq4e3Wa8ZCu6WKsKeT0ivYNmJFu7aaO8Q="},"senderSigningKey":{"public":"BSIL5hukWL9/mTfZ08XzgVYveuJt8fJbuziwWCGJK9gW"},"senderMessageKeys":[]}]