[{"senderKeyId":1471685799,"senderChainKey":{"iteration":62,"seed":"zVR0Sr8RMuKDXkoWNt+EF8ZqUV4uws9zfdVGVR3FKeU="},"senderSigningKey":{"public":"BZDdJ3UkFhcO9O0S2wRdItqGw3XIn/kMRFBB+8f4Zx1U"},"senderMessageKeys":[]},{"senderKeyId":1471685799,"senderChainKey":{"iteration":29,"seed":"hnl8O77cC8C7ESSTl96bA34xS20L3U4d2HQxu0gpv9k="},"senderSigningKey":{"public":"BZDdJ3UkFhcO9O0S2wRdItqGw3XIn/kMRFBB+8f4Zx1U"},"senderMessageKeys":[]},{"senderKeyId":185715244,"senderChainKey":{"iteration":6,"seed":"zk7Qx2vTkB9kz5HQo9G1GJXx4LWImNiI8M0FBznkV2o="},"senderSigningKey":{"public":"BSOUB7U+evnrWXdjuI7pouwNATJ3Iw2JexO2SaUjW+5E"},"senderMessageKeys":[]},{"senderKeyId":529504685,"senderChainKey":{"iteration":18,"seed":"AFej3TfxNverzIe7U/UnLP5Xvy0nXbT6mJTvrYN6u+w="},"senderSigningKey":{"public":"BWd4x2fv8wovMOOoXi4nQxNqaymjEZNtJfNRmLECxKYm"},"senderMessageKeys":[]},{"senderKeyId":529504685,"senderChainKey":{"iteration":6,"seed":"lWqYml/6hsL4oqXDRvvHVKNzwDcYpv1gGCd7tpfRCJY="},"senderSigningKey":{"public":"BWd4x2fv8wovMOOoXi4nQxNqaymjEZNtJfNRmLECxKYm"},"senderMessageKeys":[]}]