[{"senderKeyId":661831068,"senderChainKey":{"iteration":293,"seed":"7AHKqExMGS+X4DtYHF5o/FWsAOD8ABWi7ehCUGklwac="},"senderSigningKey":{"public":"BYhhTieFAxwP9hNmf+H5EBxHAXiH/e+v9Q5cwyy8C1oS"},"senderMessageKeys":[{"iteration":1,"seed":"sxg7tgBrtb0u8GXP7Wu1iEiuP1Nm3qPXz7i8volJQT0="},{"iteration":3,"seed":"xDB78O7SqYpN4nHDOf7idFVmAw4t0GfrcHwSlO1YUjo="},{"iteration":5,"seed":"PI9YF82ii/pUqEkxEOkwOCGftvGoJk5ES9PnN7KwhRc="},{"iteration":7,"seed":"Ci/2DRYg2M8Cx5mSdklCxj3tqI7tHobfSvV0UX4j4KQ="},{"iteration":9,"seed":"gKsILSruvDaSR872ohS/84MbhDU4yUdBGgxf1c697ns="},{"iteration":11,"seed":"vWjaPkODdpva83R8X27eOGzIFE/jku7k/BlzeIrxPOU="},{"iteration":13,"seed":"8kxqsY1yCEbzMRCoJomUa/czowLDjwvZmUkH4W7OhFM="},{},{},{},{},{},{},{},{},{},{},{},{},{},{},{},{},{},{},{},{},{},{},{},{},{},{},{},{},{},{},{},{},{},{},{},{},{},{},{},{},{},{},{},{},{},{},{},{},{},{},{},{},{},{},{},{},{},{},{},{},{},{},{},{},{},{},{},{},{},{},{},{},{},{},{},{},{},{},{},{},{},{},{},{},{},{},{},{},{},{},{},{},{},{},{},{},{},{},{},{},{},{},{},{},{},{},{},{},{},{},{},{},{},{},{},{},{},{},{},{},{},{},{},{},{},{},{},{},{},{},{},{},{},{},{},{},{},{},{},{},{}]},{"senderKeyId":661831068,"senderChainKey":{"iteration":291,"seed":"QKYPrkv0MxpWOkLZ9YvC7eZDO9d0hk/K6DDWmKI0V1M="},"senderSigningKey":{"public":"BYhhTieFAxwP9hNmf+H5EBxHAXiH/e+v9Q5cwyy8C1oS"},"senderMessageKeys":[]}]