[{"senderKeyId":1172154791,"senderChainKey":{"iteration":2,"seed":"kqBQW3clUY09gndT6hqAOOUAxeRsO9E3kJ+wztRQ3ko="},"senderSigningKey":{"public":"BRhDwEfz7egZ1OFdTB3x2z2JH9uPMOZ8QrEZtXRPWb1h"},"senderMessageKeys":[]},{"senderKeyId":2032393812,"senderChainKey":{"iteration":1,"seed":"dg0MDyzZa35wSzyzfXblx8MJmT84Ke6Ops+W4+yXMJM="},"senderSigningKey":{"public":"BaAWmELLEehBKze5vc85dMZ+yKeB9PUa6ROLyD7fXx9x"},"senderMessageKeys":[]},{"senderKeyId":604016569,"senderChainKey":{"iteration":1,"seed":"m+FMDf9GIaF3NQJhYF5hpUI8kcZVdSBDV2YyKyO82fs="},"senderSigningKey":{"public":"BRyuUUm4iBMZMbkkYZZYf3ZpH09zLqG51lD42RXqCXke"},"senderMessageKeys":[]}]