[{"senderKeyId":722843863,"senderChainKey":{"iteration":24,"seed":"2IBXQ5e3N4BBDY2OjXxcXG3QCfaHecAYRlIcfoA4RoY="},"senderSigningKey":{"public":"BV4H05KU7fep5uYMcmWFeoppsc7PHqRs54lCQkFSP6Bu"},"senderMessageKeys":[]},{"senderKeyId":722843863,"senderChainKey":{"iteration":2,"seed":"1YDyTHdc0xLvHscFkC4L2r2rNweLKRt5UnCn1ZcrNjg="},"senderSigningKey":{"public":"BV4H05KU7fep5uYMcmWFeoppsc7PHqRs54lCQkFSP6Bu"},"senderMessageKeys":[]},{"senderKeyId":722843863,"senderChainKey":{"iteration":13,"seed":"xuKoTwVBquhCk2Kkn1GFLf6aB2B9inzZ2D9tjWMwxow="},"senderSigningKey":{"public":"BV4H05KU7fep5uYMcmWFeoppsc7PHqRs54lCQkFSP6Bu"},"senderMessageKeys":[]}]