[{"senderKeyId":1034989639,"senderChainKey":{"iteration":57,"seed":"99QSSdi8Mf0om/EGfTrMLGEOlINPWmYOpgcuX/eT/c4="},"senderSigningKey":{"public":"Bcfyc1UAjwcLJ4N7Oof1ehYwr/QKhHD6Wp8jb/UBNCgB"},"senderMessageKeys":[]},{"senderKeyId":1034989639,"senderChainKey":{"iteration":20,"seed":"gnfvrnRsj2tA2QKckV/QAHT3eiaqMe2iXQvtl3vKMIM="},"senderSigningKey":{"public":"Bcfyc1UAjwcLJ4N7Oof1ehYwr/QKhHD6Wp8jb/UBNCgB"},"senderMessageKeys":[]},{"senderKeyId":1961986165,"senderChainKey":{"iteration":5,"seed":"/wAe1vBo3MAqw7ht3PHVXGWs9O3WDmyb2CO5ubvMv8s="},"senderSigningKey":{"public":"BUZz8lBvvgbUxULhf6ILZ5KrD9zW2Q+zZcTYDHiYGoEh"},"senderMessageKeys":[]},{"senderKeyId":1336873437,"senderChainKey":{"iteration":42,"seed":"RCBbzYkFNbABW9JUSqzO19XsiyOLM4sFG8DMq9qu+xY="},"senderSigningKey":{"public":"Bcsb81QdghdKFIPQ6iXmFkbqltoCf/51THpt/F+aJOcZ"},"senderMessageKeys":[]},{"senderKeyId":1336873437,"senderChainKey":{"iteration":1,"seed":"tAwnIiWdgYmxX18LJPEtQ2g9k07KOOKFYSNFUvX0pAY="},"senderSigningKey":{"public":"Bcsb81QdghdKFIPQ6iXmFkbqltoCf/51THpt/F+aJOcZ"},"senderMessageKeys":[]}]