[{"senderKeyId":2078112982,"senderChainKey":{"iteration":2,"seed":"inWvP2ltN/lzelzOYMHNuPzZYmxtMVy7tNEy1JVxGG0="},"senderSigningKey":{"public":"BZ9j4GORwU9eDcn2QJjDwI6nqwrZ3ieoP0Iom6aSrIxn"},"senderMessageKeys":[]},{"senderKeyId":324374441,"senderChainKey":{"iteration":1,"seed":"xPnJWmqZxkQXItPElbVUb4AhxD5hBepF1GPOmJsSwhk="},"senderSigningKey":{"public":"Ba7/jxHDLjSHp+PGK90d0tiOCFq/x/2cHpY7Vep8HF4D"},"senderMessageKeys":[]},{"senderKeyId":2056320058,"senderChainKey":{"iteration":4,"seed":"VKhepauYEq1z9UfDrRXYrI7i8+sCjIg1KPWA+aTMdAk="},"senderSigningKey":{"public":"Bc05w91RS0qJw988XZQs0qegx12u2zCZ2zWuBFpOYlhb"},"senderMessageKeys":[]},{"senderKeyId":145514237,"senderChainKey":{"iteration":21,"seed":"HgsOD/No6MJhWIqR6Ke5nq5i4RfcFAtnBkOHTrdxF1E="},"senderSigningKey":{"public":"BWBIQGztxJS05QuwkZqvMxwwSy3IpvsfXgw+r70eNltk"},"senderMessageKeys":[]}]