[{"senderKeyId":952693953,"senderChainKey":{"iteration":29,"seed":"mVGXKXDW7y0HiVjx3PqGh9XEIJ1qRy6CZBe8xK2cS2Y="},"senderSigningKey":{"public":"BbQBLhMgCgd9LmsytOmokZsajP8iTGa5HCe0UlSWup0d"},"senderMessageKeys":[]},{"senderKeyId":1177917692,"senderChainKey":{"iteration":58,"seed":"bX9nDIXWy9QmMNANhMhGYhPhOjNA3SYRezGF3B/omkY="},"senderSigningKey":{"public":"BRVVugkRxFvvM5Ww3ttkDnuAY8ct9hK/tYLR9F3H3pA0"},"senderMessageKeys":[]},{"senderKeyId":265462473,"senderChainKey":{"iteration":19,"seed":"yh8Rp5WRwxTA9emmnCPIXWq8C0IVFcOrRog3XIUPFJE="},"senderSigningKey":{"public":"BVHsFBzaxWyCECYJfVXwZUuf4U3d5hwODbKBdRbb0O56"},"senderMessageKeys":[]}]