[{"senderKeyId":515388527,"senderChainKey":{"iteration":39,"seed":"QfB3p9qsdVZAOLD30v6xvUlwc5JdcVRLMmvaJmcgsyY="},"senderSigningKey":{"public":"BRnbDmF/I5dxMwPswJHa7IkfSB8lmmqjKczZIwGMiqJ5"},"senderMessageKeys":[]},{"senderKeyId":1262300214,"senderChainKey":{"iteration":17,"seed":"Y0tzVpKocVlFjzCoDI9yRfk0yoBIucc7nMpQ/Ss9hDg="},"senderSigningKey":{"public":"BfXspH9eX2azV5GGJufb1UbetNIgC7yMPh7pVkAsZYp2"},"senderMessageKeys":[]},{"senderKeyId":1614397345,"senderChainKey":{"iteration":7,"seed":"n9yQrJOxKcX9uynS8GowCtB0Q5DlNFeSLIpOvqgs7Dg="},"senderSigningKey":{"public":"BYygPHwc2SL/blmJREnOX84bJYb+Gj2fnLwb0ImDDmc6"},"senderMessageKeys":[]},{"senderKeyId":64529189,"senderChainKey":{"iteration":32,"seed":"G+xRqtflhwOyb2gE1Rk/B+Rmyxmc4WufCz6/AQLL3ac="},"senderSigningKey":{"public":"BY0TEpsrecQR7KJZAfJcAcaINYldffKDRvS9+NdMJ6gd"},"senderMessageKeys":[]},{"senderKeyId":124793456,"senderChainKey":{"iteration":10,"seed":"1u5eBeLlttVtZW2jTc72Jpa0pVqs5tU5wfSvGzJvVWQ="},"senderSigningKey":{"public":"BReRj1FBN53htHAjfUkrddgDBzw5uYpENkAPh4c88VMt"},"senderMessageKeys":[]}]