[{"senderKeyId":935026172,"senderChainKey":{"iteration":22,"seed":"FiL46k8oqTRsvghNcch4nz5/lVeQd42KOsN4GC1MePI="},"senderSigningKey":{"public":"BQoLTuG06OozT8pNsIOMJCj5AMAHXAO9aDMRiuhIMMEA"},"senderMessageKeys":[]},{"senderKeyId":894123561,"senderChainKey":{"iteration":38,"seed":"pNKoM4bDQ76+YiEf1SNXBnsswHMO9wIm0OKSl1z4u8c="},"senderSigningKey":{"public":"Bap+pD4XAEgXfA8sBJj/zP8rilp/q/fvRTwgxM4cLf4e"},"senderMessageKeys":[]},{"senderKeyId":894123561,"senderChainKey":{"iteration":3,"seed":"tkgFcL0xp0qrZqlgRl6ssk0KRl5mU7pToIcmWX1IreU="},"senderSigningKey":{"public":"Bap+pD4XAEgXfA8sBJj/zP8rilp/q/fvRTwgxM4cLf4e"},"senderMessageKeys":[]},{"senderKeyId":894123561,"senderChainKey":{"iteration":7,"seed":"jk6hL2FaHSmt+nCjE6qeOYxH2wK3fCZo42BvF2Z2wT8="},"senderSigningKey":{"public":"Bap+pD4XAEgXfA8sBJj/zP8rilp/q/fvRTwgxM4cLf4e"},"senderMessageKeys":[]},{"senderKeyId":23876893,"senderChainKey":{"iteration":8,"seed":"+v8EPktjkyP0CBK332fql5pJ/0GaLm6pFNWM392Qkl4="},"senderSigningKey":{"public":"Bc5tHZ8/TKw02B6R9TZ50DGgWx9zVgzA2+BEHYzXLqt0"},"senderMessageKeys":[]}]