[{"senderKeyId":657156680,"senderChainKey":{"iteration":8,"seed":"6siZQBwem49rlc+LMLlLdTknGjLQwjTSqnCEIvKgY1E="},"senderSigningKey":{"public":"Bdw7OBD9B0ADbPGcA/S1bm8crdoTCjoPexkV1v8U/R5O"},"senderMessageKeys":[]},{"senderKeyId":657156680,"senderChainKey":{"iteration":7,"seed":"PlX0FUneBERGOMOlqmxuMaS429ka+hbND+id+muViA0="},"senderSigningKey":{"public":"Bdw7OBD9B0ADbPGcA/S1bm8crdoTCjoPexkV1v8U/R5O"},"senderMessageKeys":[]},{"senderKeyId":1604954285,"senderChainKey":{"iteration":16,"seed":"N800TS0eAnyvybZAeXOZ9MlJ6cYnjBD3UNqn5DGacSc="},"senderSigningKey":{"public":"BYjRyVdxGqMAy7VHsSeeLh7AblCPI3/SF4hRkt1AChMV"},"senderMessageKeys":[]},{"senderKeyId":1604954285,"senderChainKey":{"iteration":6,"seed":"D4kEenOfIUAQZ3+8gidVzVauImtyCHdUU5FlB0LIQGM="},"senderSigningKey":{"public":"BYjRyVdxGqMAy7VHsSeeLh7AblCPI3/SF4hRkt1AChMV"},"senderMessageKeys":[]},{"senderKeyId":1604954285,"senderChainKey":{"iteration":6,"seed":"D4kEenOfIUAQZ3+8gidVzVauImtyCHdUU5FlB0LIQGM="},"senderSigningKey":{"public":"BYjRyVdxGqMAy7VHsSeeLh7AblCPI3/SF4hRkt1AChMV"},"senderMessageKeys":[]}]