[{"senderKeyId":1847657674,"senderChainKey":{"iteration":14,"seed":"eTi+QFyLzoxlIYMBMQA8k7zakEW2v4wi4U2KqIWyElU="},"senderSigningKey":{"public":"BasC8TQmRNEB6TX2FWaYe+mdj/OiyJt7bJRwYIN4kXYX"},"senderMessageKeys":[]},{"senderKeyId":708201495,"senderChainKey":{"iteration":4,"seed":"vk3gEh4JK8Pw6ydqjfmhuIRmOBt1yLEC3XgSy/x1FHY="},"senderSigningKey":{"public":"BdoOOQ2AUJhn5SnL8ZdnOfpZYgUDvPDfR9x2k/EjDylC"},"senderMessageKeys":[]},{"senderKeyId":1544348526,"senderChainKey":{"iteration":3,"seed":"H/hFhw22pScB+LqpCjsJnd1oMP/7WgrkYehh887urEo="},"senderSigningKey":{"public":"BcFKAfks4mgBWaqlSG1cl9PjUKOnVYC2umr8zGHCtjw8"},"senderMessageKeys":[]},{"senderKeyId":1182114098,"senderChainKey":{"iteration":15,"seed":"WwTOxMqqx6H1pcrZM+EDGGntQG4jHgvdt/3Fcsd7uCI="},"senderSigningKey":{"public":"BTPm+QCZHT3+arQV5RktgR8YFNPf0BpVhRZ8+2cAred7"},"senderMessageKeys":[]},{"senderKeyId":1182114098,"senderChainKey":{"iteration":14,"seed":"/Q39L3kHGrNsnZlqPV45vm4TG515N8+27ynUnJpSpac="},"senderSigningKey":{"public":"BTPm+QCZHT3+arQV5RktgR8YFNPf0BpVhRZ8+2cAred7"},"senderMessageKeys":[]}]