[{"senderKeyId":1672516036,"senderChainKey":{"iteration":7,"seed":"2Y8YOuex17/EtyYPlkpAgaXimc7fYeLF0EbJVZLWTOc="},"senderSigningKey":{"public":"BUzz0ULe+oZ2Xd6Dd5JGq3Cw3zeKpyxge0yTgBcrhoAf"},"senderMessageKeys":[]},{"senderKeyId":1879670724,"senderChainKey":{"iteration":3,"seed":"g7wVHUXpeHwHuQlHTvBGpXmP3LD2gEiNTbUMxJ9p8n4="},"senderSigningKey":{"public":"BUHBTjfCJZ4udq6M5fqEG52JVVm+ULCdYABOM90NTXIZ"},"senderMessageKeys":[]},{"senderKeyId":509356177,"senderChainKey":{"iteration":10,"seed":"+7aThoLGzd7u9DC8fLIQhSJkk/SljV3kRY2FJmJsMyQ="},"senderSigningKey":{"public":"BZy1pC/9yWjUuimRcEuO46Z3L9Gh7MLImOsuOsFOAosP"},"senderMessageKeys":[]}]