[{"senderKeyId":1155469205,"senderChainKey":{"iteration":38,"seed":"u+9yj5Bxiu01XDA4MNsyTXc85Wp4IsfTY+SoMp3wn70="},"senderSigningKey":{"public":"BWtQ7RK+Pw840cVvJ3te3HNAUG37ZnlbmFTzB57vy0lh"},"senderMessageKeys":[]},{"senderKeyId":1505064844,"senderChainKey":{"iteration":20,"seed":"qi2xsbivZJBf6Thg22MihsQuE8LId4KxhceiN23npyo="},"senderSigningKey":{"public":"BQ6jOLZwwHj57XW9GbDU9j1XVNqDxPYnt4CoHV98PrhV"},"senderMessageKeys":[]},{"senderKeyId":2056195425,"senderChainKey":{"iteration":3,"seed":"UDhD4FI7ZGlnlwkc4EwHMJ5tIVWVnMQPQkeue4o0z7E="},"senderSigningKey":{"public":"BUCy+IGYWCbRQazIuSbyjaceCL3CkZwovmQ2++NIcSRA"},"senderMessageKeys":[]},{"senderKeyId":2012171978,"senderChainKey":{"iteration":12,"seed":"5vTt4SDdPXZYts0UVX6C9P0UiZYmf/6kjXm3CzaO2ek="},"senderSigningKey":{"public":"BSNordgzV+fgnKIFjIUIPizT55/p/ISHaNXfRWzijR80"},"senderMessageKeys":[]}]